170556	Total Count
8020	conserved
6870	domain
6670	containing
6580	family
3707	transcription
3238	regulation
2755	factor
2737	binding
2502	metabolism
2400	degradation
2104	synthesis
1956	subunit
1913	uncharacterized
1909	kinase
1843	transport
1585	signalling
1430	precursor
1320	ubiquitin
1268	finger
1145	receptor
1132	modification
1076	stress
1070	repeat
1049	unspecified
998	postranslational
972	unclassified
931	kinases
913	transporter
809	domain-containing
784	synthase
775	ribosomal
723	protease
694	serine
684	development
624	membrane
614	mitochondrial
609	lipid
586	chloroplast
570	hormone
566	repeat-containing
555	complex
549	retrotransposon
545	abiotic
544	pentatricopeptide
515	organisation
508	regulator
493	secondary
487	transposon
487	chromatin
475	hydrolase
472	eukaryotic
470	amino
468	biotic
455	calcium
449	transferase
442	dehydrogenase
437	transferases
433	phosphatase
433	cytochrome
431	chain
428	motif
422	dna-binding
419	chloroplastic
401	processing
391	structure
390	resistance
385	reductase
377	leucine
369	ligase
367	f-box
359	orphans
356	targeting
348	glucosyl
348	glucoronyl
335	alpha
314	nucleotide
311	catalytic
307	inhibitor
306	oxidoreductase
300	sub-class
296	plant
294	g-proteins
291	threonine-protein
284	similar
284	electron
282	class
280	oxidase
277	member
276	carrier
275	transporters
270	auxin
270	60s
268	atpase
263	homolog
255	receptor-like
255	isoform
254	redox
250	glycosyl
249	enzyme
247	storage
247	shock
247	ethylene-responsive
246	c2h2
245	proteins
243	recognition
243	helicase
242	element
236	transmembrane
236	lipase
235	major
235	cycle
235	basic
232	pathway
232	calmodulin
232	c3hc4
231	induced-regulated-responsive-activated
226	vesicle
226	synthesis-degradation
225	nucleic
225	associated
224	cacta
221	lightreaction
216	polymerase
215	elongation
214	histone
214	helix-loop-helix
212	synthetase
212	nuclear
212	metal
211	cytoplasmatic
211	ap2-erebp
208	homologue
208	cysteine
204	division
203	40s
200	signal
200	erebp
200	c-terminal
199	atp-dependent
199	apetala2
198	interacting
197	splicing
195	secretory
194	isomerase
193	response
192	methyltransferase
192	initiation
189	threonine
189	copper
188	prokaryotic
187	oxidases
184	minor
184	heavy
183	group
182	peptidase
181	peptide
180	glycoprotein
179	component
174	peroxidase
173	superfamily
172	fragment
170	regulatory
168	proteinase
167	glutathione
166	homeobox
165	multidrug
162	rna-binding
159	light
159	homology
158	transcriptional
158	other
157	systems
155	domains
153	includes
152	phenylpropanoids
151	glycosyltransferase
150	ubiquitin-protein
150	ring-h2
149	sugar
149	aspartate
147	small
147	n-terminal
146	region
145	peroxidases
144	lyases
141	biosynthesis
140	isoprenoids
139	vacuolar
138	myb-related
138	disease
138	2c
137	repair
136	c2c2
130	proline-rich
130	dependent
130	50s
129	polypeptide
129	assembly
128	thioredoxin
128	flavone
128	ethylene
127	transfer
126	glycolysis
125	translation
125	photosystem
122	hydrolases
121	metabolite
119	leucine-rich
118	sugars
118	cytosolic
117	g-beta
117	brassinosteroid
116	myb-like
115	flavonoids
115	depedent
115	activation
114	permease
114	gdsl-motif
114	apical
113	transduction
113	clone
112	related
111	meristem
111	chaperone
110	squalene
110	peptides
110	oligopeptides
108	steroids
108	esterase
108	acids
108	abscisic
107	nodulin
107	glucan
103	phosphate
102	integral
102	channel
100	aromatic
99	having
98	transposase
98	transferring
98	groups
98	glycine-rich
97	ribonucleoprotein
97	proteasome
97	kinesin
96	gibberellin
96	aspartic
95	''exotics''
94	transformation
94	lyase
94	ankyrin
94	1a
93	gtpase
93	calmodulin-binding
92	gtp-binding
92	exonuclease
91	proteasom
91	endo-1
90	subclass
89	dehydratase
89	30s
88	lectin
87	pectate
87	folding
86	polygalacturonases
86	phosphatases
85	pectinesterase
85	atp-binding
84	short
84	plant-specific
84	p-
83	zipper
83	nb-arc
83	efflux
82	monooxygenase
82	ascorbate
81	phospholipid
81	phospholipase
81	dna-directed
81	cyclin
81	auxin-responsive
81	allergen
80	xyloglucan
80	v-atpases
80	tramtrack
80	subunits
80	s-transferase
80	cellulose
80	broad
80	bric-a-brac
79	subfamily
79	mads-box
78	starch
78	plasma
78	myosin
78	hydroxyproline-rich
78	extensin
78	drought
77	tyrosine
77	serine-threonine
77	handling
77	embryogenesis
77	acetyltransferase
76	potassium
76	insensitive
75	udp-glucosyl
75	udp-glucoronosyl
75	sucrose
75	mannosidases
75	gluco-
75	galacto-
75	decarboxylase
75	carboxyl-terminal
75	branch
75	aminotransferase
74	tetratricopeptide
74	harpin-induced
74	dead-box
74	arginine
73	remodeling
73	acyltransferase
72	ribonucleases
72	motor
72	glycosylation
72	factors
72	dimerisation
71	gdsl-like
71	acylhydrolase
70	wd-repeat
70	vitamine
70	nucleolar
70	co-factor
69	pollen
69	others
69	inner
68	thioesterase
68	proton
68	myrosinases-lectin-jacalin
68	include
68	homologs
68	chromosome
67	ubiquitin-conjugating
67	subtilases
67	specific
67	lignin
67	carboxypeptidase
67	c3h
66	lipases
66	calcium-dependent
66	1-associated
65	ribonuclease
65	phosphinositides
65	peptidyl-prolyl
65	g2-like
65	endonuclease
65	dioxygenase
65	cyclin-dependent
65	cleavage
64	triacylglycerol
64	p-type
64	nucleus
64	h2a
64	epstein-barr
64	cofactor
64	calcium-binding
64	3-beta-glucosidase
63	structural
62	induced
62	fatty
62	beta-1
62	1b
61	responsive
61	nbs-lrr
61	disulfide
61	cation
61	armadillo
60	subtilisin
60	plastocyanin-like
60	peroxisomal
60	nadh-dh
60	n-methyltransferase
60	dihydroflavonols
60	chelation
59	polygalacturonase
59	phosphatidylinositol
59	nitrate
59	cupin
59	clathrin
59	activator
59	2a
58	tryptophan
58	troponine
58	translocase
58	reticuline
58	reductases
58	pollen-specific
58	nitrilases
58	glutaredoxin
58	epimerase
58	enzymes
58	early
58	bridge
58	berberine
58	*nitrile
57	sorting
57	sequence
57	s-locus
57	pyruvate
57	lysophospholipases
57	invertase
57	inositol
57	import
57	histidine
57	glutamate
57	anthranilate
56	tubulin
56	targeted
56	set-domain
56	large
56	facilitator
56	cbl-interacting
55	wd-40
55	ras-related
55	pectin*esterases
55	expansin
55	element-binding
55	cytokinin-o-glucosyltransferase
55	cis-trans
55	abundant
55	26s
54	xenobiotics
54	purine
54	protein-like
54	phosphotransfer
54	cytokinin
54	biodegradation
53	unclear
53	replication
53	protein-related
53	promoter
53	h2b
53	golgi
53	gid1l2
53	dually
53	constans-like
53	co-like
52	virus
52	type-box
52	trihelix
52	transcript
52	tetrapyrrole
52	r2r3
52	isozyme
52	glutaredoxins
51	plastid
51	oxygenase
51	mitochondria
51	kelch
51	control
51	arabinogalactan
51	abi3vp1
50	pre-mrna-splicing
50	motif-containing
50	lysine
50	growth
50	cyclic
50	activating
49	subgroup
49	sphingolipids
49	peptidylprolyl
49	o-methyltransferase
49	metalloprotease
49	lateral
49	homeodomain
49	homeobox-leucine
49	ccaat
49	antigen
48	terpenoids
48	ribosome
48	pyrophosphatases
48	nepenthesin-1
48	n-acetyltransferase
48	mitogen-activated
48	gibberelin
48	cytoplasmic
47	zinc-finger
47	triple-helix
47	metal-associated
47	kinase-like
47	calvin
47	auxin-induced
47	apk1b
47	anther-specific
46	serine-rich
46	polyprotein
46	particle
46	germin
46	envelope
46	ebna-1
46	cyclase
46	cations
46	casein
46	c2c2-dof
46	actin
45	salvage
45	phosphoglycerate
45	knuckle
45	center
44	wall-associated
44	vacuole
44	serine-glycine-cysteine
44	palmitoyltransferase
44	intrinsic
44	cullin3
44	clear
44	beta-glucosidase
44	aquaporin
43	ty3-gypsy
43	reaction
43	plant-type
43	organ
43	nadh-ubiquinone
43	h-quinone
43	glucosyltransferase
43	galactosyltransferase
43	biogenesis
43	bifunctional
43	acyl-coa
43	3-o-glucosyltransferase
42	sterile
42	receptor-type
42	gamma
42	endopeptidase
42	anthocyanidin
42	5-phosphatase
41	uorf-containing
41	iron-sulfur
41	f1-atpase
41	exostosin
41	exocyst
41	exchanger
41	dehydration-responsive
41	chlorophyll
41	alcohol
40	transducin
40	probable
40	outer
40	methionine
40	general
40	calmodulin-dependent
40	boundaries
40	antiporter
39	yeast
39	tolerance
39	pectin
39	oswak
39	organellar
39	mutase
39	ketoacyl
39	jasmonate
39	delta
39	cysteine-rich
39	coiled-coil
39	carbohydrate
38	variant
38	thaumatin
38	nutrient
38	n-metabolism
38	deacetylase
38	carboxylase
37	udp-glucose
37	pyrophosphatase
37	physiology
37	myo-inositol
37	mikcc
37	membrane-associated
37	mechanism
37	inorganic
37	carbon
37	beta-catenin
37	aldolase
37	aaa-type
37	6-bisphosphatase
36	salt-inducible
36	phosphoribosyltransferase
36	phenylalanine
36	lipid-transfer
36	epsilon
36	diphosphate
36	desaturase
36	arabidopsis
36	3-ketoacyl-coa
35	proline
35	phosphodiesterase
35	histone-lysine
35	h+-transporting
35	guanine
35	ferredoxin
35	coatomer
35	c2c2-gata
35	anions
35	amp-binding
34	specificity
34	sodium
34	senescence-associated
34	nucleoside
34	microtubule-associated
34	inactive
34	hypocotyl
34	flavonoid
34	concentrating
34	c1-metabolism
34	aspartyl
34	alpha-1
33	ubiquinone
33	ty1-copia
33	two-sector
33	squamosa
33	rubisco
33	porter
33	microtubule
33	hemicellulose
33	fructose-2
33	dof-type
33	dimerization
33	classes
33	chloride
33	chitinase
33	c-x8-c-x5-c-x3-h
32	trehalose
32	synthase-like
32	subtilisin-like
32	snare
32	regulated
32	phosphatidylinositol-4-phosphate
32	nudix
32	mediator
32	jumonji
32	gpi-anchored
32	gcn5-related
32	flavonol
32	cellulases
32	beta-expansin
32	argonaute
32	alkaloid-like
32	aldehyde
32	6bispase
32	5-kinase
32	4-glucanases
32	-1
31	transparent
31	translocator
31	testa
31	short-chain
31	sensor
31	phd-finger
31	non-phototropic
31	nepenthesin-2
31	methylesterase
31	endoglucanase
31	crystallin
31	ca2+
31	acidic
31	2b
30	u-box
30	terpene
30	system
30	speckle-type
30	seven
30	ring-type
30	prolyl
30	o-acyltransferase
30	n-benzoyltransferase
30	meprin
30	ligation
30	formin
30	flowering
30	endoplasmic
30	dihydroflavonol-4-reductase
30	beta-glucosyltransferase
30	b-box
29	udp-glucosyltransferase
29	terminal
29	pyrophosphate
29	protein1
29	pre-mrna
29	phosphoprotein
29	organic
29	nadph-dependent
29	lustrin
29	l-ascorbate
29	gtpase-activating
29	glycine
29	flow-chlororespiration
29	diacylglycerol
29	dehydration
29	amine
29	acting
29	1-aminocyclopropane-1-carboxylate
28	vegetative
28	pyrophosphorylase
28	promoter-binding
28	oxidative
28	nucleoid
28	mutator
28	mterf
28	map3k
28	malate
28	indole-3-acetate
28	i-branching
28	hydroxylase
28	homolog1
28	heterogeneous
28	ester
28	deaminase
28	core-2
28	constituent
28	central
28	bromodomain
28	beta-oxidation
28	aminopeptidase
28	alpha-l-fucosidase
28	7-dehydrocholesterol
27	synthases
27	start
27	spotted
27	shaqkyf
27	salicylic
27	release
27	pleiotropic
27	nucleotide-binding
27	nucleosome
27	non-atpase
27	mevalonate
27	maintenance
27	lectin-like
27	inositol-1
27	fasciclin-like
27	endotransglucosylase
27	dirigent
27	calmodulin-related
27	c3hc4-type
27	ba0033a15
27	ba0013j05-oo
27	ammonium
27	a-b
26	two-component
26	transcriptase
26	thylakoid
26	syntaxin
26	sorting-associated
26	reverse
26	proteophosphoglycan
26	pathogenesis-related
26	oligopeptide
26	nucleotides
26	nodulation
26	mitochondrion
26	maturation
26	jasmonate-induced
26	helical
26	ferulate
26	death
26	chorismate
26	carboxylesterase
26	callose
26	adp-ribosylation
26	5-hydroxylase
26	4-epimerase
26	1c
26	14-3-3
26	-containing
25	universal
25	uncharacterised
25	tfiid
25	tetratricopeptide-like
25	suppressor
25	s-adenosylmethionine-dependent
25	r2r3myb-domain
25	potential
25	phytosulfokine
25	phosphatidylethanolamine-binding
25	non-mevalonate
25	mdr-like
25	interaction
25	hydratase
25	h+
25	fiber
25	factor-like
25	enhancer
25	cytidylyltransferase
25	cotransporter
25	contig
25	chalcone
25	carotenoids
25	calcium-transporting
25	anthocyanin
25	aldose
25	[udp-forming]
25	3-5
24	zinc-binding
24	thaliana
24	syndrome
24	senescence
24	scarecrow
24	repressor
24	polyadenylation
24	partner
24	non-specific
24	magnesium
24	hydrogen
24	glutamine
24	flavin-containing
24	flavanone
24	extracellular
24	cf-9
24	beta-galactosidase
24	alfin-like
24	adaptor
24	3-hydroxylase
23	vesicle-associated
23	trehalose-6-phosphate
23	transducer
23	thiol
23	strictosidine
23	solute
23	selenium-binding
23	polyphosphate
23	phosphoesterase
23	osgrx
23	mannan-xylose-arabinose-fucose
23	fermentation
23	chalcones
23	ccr4-not
23	c2h2-type
23	autophagy-related
23	adenosine
23	5-trisphosphate
22	zf-hd
22	zein-like
22	udp-glucuronic
22	typical
22	t-complex
22	simple
22	sigma
22	reticulum
22	rapidly
22	pyrimidine
22	pseudouridine
22	predicted
22	phenols
22	nuclease
22	multivesicular
22	lysosomal
22	importin
22	histidine-rich
22	h+-atpase
22	glycosylase
22	glycerol-3-phosphate
22	global
22	fasciclin
22	elicited
22	cytidine
22	cluster
22	charged
22	branched
22	apk1a
22	agenet
22	5ng4
21	vp1-related
21	uridine
21	unknow
21	soluble
21	signalosome
21	rhomboid
21	remorin
21	pseudouridylate
21	phosphoenolpyruvate
21	patatin
21	oligopeptidase
21	o-glycosyl
21	mannan
21	hydrolyzing
21	haloacid
21	glyoxalase
21	factor-related
21	exosome
21	embryo
21	defective
21	cysteine-type
21	compounds
21	chaperonin
21	beta-catenin-like
21	b3-domain-containing
21	auxin-independent
21	alternative
21	alpha-expansin
21	adenylate
21	72a1
21	6-phosphate
21	3-glucanase
20	zn-finger
20	wounding
20	wound
20	touch
20	topoisomerase
20	stress-induced
20	sterols
20	serine-type
20	phytochrome
20	phosphoinositide
20	pherophorin-c2
20	nucleoporin
20	nodulin-like
20	meiotic
20	malic
20	lhc-ii
20	heat-shock
20	glycolipid
20	glucose-6-phosphate
20	geranylgeranyl
20	flavoprotein
20	ef-hand
20	dynamin
20	dehalogenase-like
20	contains
20	constans
20	clavata1
20	carotenoid
20	bri1-kd
20	branched-chain
20	amidotransferase
20	alkaline
20	agap000425-pa
20	adenylyltransferase
20	6-phosphogluconate
20	2og-fe
20	2-oxoglutarate
20	10-deacetylbaccatin
19	xylem
19	tyrosine-protein
19	teosinte
19	surface
19	restorer
19	reductase-like
19	receiver
19	prefoldin
19	phosphotransferase
19	metallo-beta-lactamase
19	jacalin-like
19	invertases
19	intracellular
19	homologous
19	galactose
19	fucosyltransferase
19	exopolygalacturonase
19	exchange
19	erythronate-4-phosphate
19	e2f-dp
19	demethylase
19	d-mannose
19	corepressor
19	conjugating
19	condensation
19	common
19	citrate
19	cinnamoyl
19	channels
19	carbonic
19	asparagine
19	anhydrase
19	alanine
19	acetyl
19	4cl
19	4-kinase
19	3-monooxygenase
18	transporter-related
18	stripe
18	proteolytic
18	protein2
18	polyamine
18	nucleotide-gated
18	nadp-dependent
18	n-acetylglucosaminyltransferase
18	metal-nicotianamine
18	membrane-type
18	lipoprotein
18	lactoylglutathione
18	kin82y
18	involved
18	i2c-5
18	glucose
18	fusarium
18	fertility
18	endoribonuclease
18	cortical
18	cholesterol
18	cell-delineating
18	ccaat-hap5
18	bromodomain-containing
18	agmatine
18	acetyltransferases
18	4b
18	'putative
17	tubby
17	trypsin
17	threonine-specific
17	tetraspanin
17	steroid
17	sbp-box
17	riboflavin
17	purple
17	profile
17	pr5k
17	pleckstrin
17	plants
17	phospholipid-transporting
17	phosphofructokinase
17	pe-pgrs
17	nin-like
17	nadh-plastoquinone
17	katamari
17	indole-3-acetic
17	histone-like
17	growth-regulating
17	glyoxylate
17	g-protein
17	flavin
17	divaricata
17	dismutases
17	coumaroyltransferase
17	ccaat-dr1
17	catalases
17	caseinkinase
17	calcineurin-like
17	bzip-related
17	ba0081k17
17	ba0005l10-oo
17	autophagy
17	archaeal
17	anthocyanins
17	anion
17	amidase
17	9-cis-epoxycarotenoid
17	4-coumarate--coa
17	3-phosphate
17	10-o-acetyltransferase
16	yup8h12r
16	v-type
16	trna-splicing
16	thioredoxin-like
16	symporter
16	superoxide
16	succinate
16	reticulon
16	respiratory
16	r2r3-myb
16	pyrophosphate-fructose-6-p
16	polyubiquitin
16	photorespiration
16	p24a
16	nucleoside-triphosphatase
16	neutral
16	nepenthesin
16	ndp-sugars
16	nadph
16	mismatch
16	methylase
16	lumen
16	leucoanthocyanidin
16	intron
16	glycerophosphodiester
16	galactoside
16	g-box-binding
16	fkbp-type
16	export
16	endosomal
16	e2f
16	dismutase
16	deoxynucleotide
16	dentin
16	della
16	dehydrogenases
16	cyclin-like
16	cyclin-a2
16	choline
16	ccaat-hap2
16	cationic
16	cassette
16	carboxyl
16	calcineurin
16	burst
16	branched1
16	bowman-birk
16	bonds
16	beta-amylase
16	basal
16	bacterial
16	atrad3
16	alpha-trehalose-phosphate
16	alpha-galactosidase
16	alpha-2
16	adapter
16	2fe-2s
16	2-alpha-l-fucosyltransferase
15	zdhhc9
15	vignain
15	udp-glycosyltransferase
15	transformaitons
15	tonoplast
15	termination
15	synaptotagmin
15	sb0010s003460
15	s-domain
15	roseus-like
15	rhc1a
15	rapid
15	pumilio
15	polyadenylate-binding
15	phytoene
15	pepsin
15	partial
15	paramyosin
15	oxide
15	nucleotidyltransferase
15	nucleobase-ascorbate
15	methyltransferase-16
15	methyl
15	isocitrate
15	interactor
15	glyceraldehyde-3-phosphate
15	endotransglycosylase
15	d-type
15	cycloartenol
15	coenzyme
15	cgi-144
15	catharanthus
15	carbonyl
15	brittle-1
15	auxin-regulated
15	alkalinization
15	actin-depolymerizing
15	1-phosphotransferase
15	1-epimerase
14	zein-alpha
14	white-brown
14	wheat
14	ubiquinol-cytochrome
14	transitional
14	trafficking
14	substrate
14	skp1-like
14	sheath
14	scp-like
14	ripening
14	rgh1a
14	resistance-associated
14	receptor-associated
14	raffinose
14	protein-associated
14	pr-proteins
14	positive
14	pnfl-2
14	phosphoribosyltransferases
14	oxysterol-binding
14	ovate
14	matrix
14	lipoxygenase
14	isopentenyl
14	homoserine
14	h-type
14	glutamyl-trna
14	gdp-mannose
14	g-2
14	embryonic
14	defense
14	cys-rich
14	cyp81a16
14	cyp71y10
14	checkpoint
14	cadmium
14	c2c2-co-like
14	bisphosphate
14	beta-4
14	benzoate
14	atl1r
14	apurinic
14	apoptosis
14	apoprotein
14	annexin
14	ammonia-lyase
14	ammonia
14	acid-binding
14	abc-2
14	6b-interacting
14	3b
14	3-galactosyltransferase
14	1-alpha
13	wound-induced
13	willebrand
13	viral
13	uroporphyrinogen
13	uridylyltransferase
13	udp-glucuronosyl
13	ubiquitin-specific
13	tumor
13	triose
13	trans-membrane
13	strubbelig-receptor
13	single-stranded
13	shikimate
13	ribulose
13	regulator-like
13	pyrophosphate--fructose
13	ppr986-12
13	phosphoribosylanthranilate
13	phosphatidylcholinesterol
13	phosphatidate
13	origin
13	o-acetyltransferase
13	nicotiana
13	molybdenum
13	mobile
13	minichromosome
13	lysine-specific
13	lumenal
13	laccase
13	l7a
13	intermediate
13	ig002n01
13	heavy-metal-associated
13	glycoside
13	glycerol
13	g11a
13	fusion
13	fruit
13	fad-binding
13	epoxide
13	ent-kaurene
13	early-responsive
13	dre-binding
13	crinkly4
13	cpp1-related
13	c2c2-yabby
13	atl2l
13	antimicrobial
13	anther
13	anchor
13	aminotransferase-like
13	adenine
13	acid-amido
13	acetyl-coa
13	a-type
13	6a
13	5-phosphate
13	4a
13	10-2
13	-atpase
13	'exotics'
12	yabby
12	wrky74-superfamily
12	utp--glucose-1-phosphate
12	ubiquitin-activating
12	u2af
12	tso1-like
12	transaminase
12	tortifolia1
12	tesmin
12	systemin
12	sulfate
12	subtilase
12	stilbene
12	single
12	sialophosphoprotein
12	secreted
12	sb2149s002010
12	s-receptor
12	rabgap
12	pumilio-family
12	ptr2-b
12	prenylated
12	porin
12	phototropism
12	photolyase
12	phosphotase
12	phosphatidylcholine
12	peroxisomes
12	omega
12	oastl
12	number
12	non-green
12	nad-dependent
12	na+
12	n2-dimethylguanosine
12	monosaccharide
12	medium
12	map2k
12	ligase-like
12	l11-1
12	kiwellin
12	iron-sulphur
12	inducible
12	glycerophosphoryl
12	f-2
12	expansin-b11
12	enoyl-coa
12	employs
12	effector-related
12	dwarf8
12	double-stranded
12	do-like
12	diester
12	cytosine
12	cytokinin-n-glucosyltransferase
12	cullin
12	complexes
12	clusters
12	carbon-nitrogen
12	bidirectional
12	atpase-like
12	at-rich
12	aluminum-induced
12	alpha-3
12	acyl-desaturase
12	activity
12	activated
12	3-beta
12	3-1
12	2-1
12	1-like
11	yellow
11	xylose
11	white-brown-complex
11	unusual
11	uclacyanin-2
11	truncated
11	triosephosphate
11	tocopherol
11	thionin
11	thialiana
11	sqv-2
11	spike1
11	signaling
11	s-adenosylmethionine
11	rubredoxin
11	rmlc-type
11	ripening-related
11	rhogap
11	rhodanese-like
11	region-containing
11	rectifying
11	psudo
11	proteinputative
11	prader-willi
11	polymerases
11	plastidic
11	phosphoribosyl
11	perforin
11	pectinacetylesterase
11	oryzain
11	o-methyl
11	nonspecific
11	non-imprinted
11	nicotianamine
11	narrow
11	multifunctional
11	multicopper
11	monoglyceride
11	monodehydroascorbate
11	molecule
11	mitochondrial-processing
11	metallothionein
11	lrr-repeat
11	loricrin
11	layer
11	lactate
11	l18a
11	knotted-1-like
11	kinetochore
11	ketoglutarate
11	j-domain
11	isoenzyme
11	hydroxysteroid
11	hydroquinone
11	hexose
11	haloperoxidase
11	glycogen
11	genomic
11	galactosidase
11	fibrillin
11	facilitated
11	encoding
11	elicitor
11	effector
11	dna-3-methyladenine
11	dihydrolipoyllysine-residue
11	dicer
11	deoxycytidylate
11	cyp71c36
11	cyclohydrolase
11	copine
11	cobra
11	carboxy-lyase
11	cancer
11	calreticulin
11	c-terminus
11	biosynthetic
11	beta-fructofuranosidase
11	atypical
11	attachment
11	atl2k
11	aspartokinase
11	angelman
11	alpha-galactosidases
11	adenylyl
11	actin-related
11	actin-7
11	acceptor
11	abi3-interacting
11	5'-phosphosulfate
11	4-hydroxylase
11	3-isopropylmalate
11	2-beta-dioxygenase
10	wuschel
10	verticillium
10	trehalose-phosphatase
10	transition
10	thiamine
10	tabacum
10	synthase1
10	sulfurase
10	substances
10	stromal
10	streptococcal
10	sterol
10	somatic
10	sbp-domain
10	sativa
10	rna-dependent
10	rk20-1
10	ranbp-type
10	quinone
10	quasimodo1
10	proteolipid
10	protease-interacting
10	prenyltransferase
10	potyviral
10	polycomb
10	plus-3
10	phosphate-induced
10	patatin-like
10	oxygen-evolving
10	oswak-rlck
10	novel
10	nonsense-mediated
10	nitrogenous
10	nitrate-induced
10	mutant
10	multi
10	movement
10	monocopper
10	molybdopterin
10	modulator
10	mitotic
10	mitogen
10	methyltransferases
10	methyl-binding
10	metallo
10	lz-nbs-lrr
10	lysine-rich
10	luminal-binding
10	licensing
10	lecithin
10	lactamase
10	l7ae
10	knotted-1
10	kinesin-4
10	kinase1
10	katanin
10	indole-3-glycerol
10	ice-like
10	hsf-type
10	high-affinity
10	hemagglutinin
10	helper
10	guanylyl
10	gibberellin-responsive
10	gibberellin-regulated
10	g-patch
10	fk506-binding
10	fibroin
10	fe-s
10	extrusion
10	endosperm
10	dissociation
10	diaminopimelate
10	determination
10	desaturation
10	deoxyribonuclease
10	decay
10	cystatin
10	cyp71k14
10	csla1-cellulose
10	coupled
10	chitin-inducible
10	centromere
10	cellular
10	cells
10	cc-nbs-lrr
10	carboxylic
10	c4-dicarboxylate
10	brittle
10	blight
10	beta-d-xylosidase
10	autoinhibited
10	atpp2-a13
10	atl3f
10	arogenate
10	ap-3
10	ap-1
10	alpha-glucosidase
10	aggregating
10	aconitase
10	acid-induced
10	acetylglucosaminyltransferase
10	absentia
10	4-beta-xylanase
10	3a
10	3-beta-glucan
10	2-oxidase
10	-interacting
9	yt521-b-like
9	xyloglucosyl
9	wd40-like
9	viii-1
9	vascular
9	vanadium-dependent
9	v-snare
9	udp-n-acetylglucosamine
9	udp-glucuronate
9	ubiquitin-like
9	tubby-like
9	transketolase
9	trans-splicing
9	tract-binding
9	tobamovirus
9	ternary
9	synthase-8
9	sulfated
9	stachyose
9	spermidine
9	secretion
9	sb0506s002020
9	salivary
9	ropgef7
9	rnp-1
9	rnase
9	rhodopsin-like
9	retaining
9	regulating
9	recombination
9	rav-like
9	proton-inorganic
9	proton-dependent
9	promoting
9	programmed
9	prephenate
9	ppr-814a
9	powdery
9	possible
9	polypyrimidine
9	polcalcin
9	plastid-specific
9	pinhead
9	phosphoethanolamine
9	phospho-2-dehydro-3-deoxyheptonate
9	periplasmic
9	papain-like
9	p2a
9	p21-rho-binding
9	oxygen
9	otu-like
9	oryzasin-1
9	oryza
9	orphan
9	ob-fold
9	n-rich
9	n-acetylglucosamine
9	multiplication
9	molecular
9	mildew
9	metal-dependent
9	mechanosensitive
9	mannosyltransferase
9	mads-domain
9	lhc-i
9	k+
9	importin-beta
9	ilr1-like
9	if-2
9	iaa-amino
9	hvcbf7
9	homeotic
9	hmg-coa
9	hect-domain
9	hbp-1a
9	h-dependent
9	grave
9	glyceraldehyde
9	glucose-1-phosphate
9	genome
9	gdp-fucose
9	gamma-tubulin
9	gamma-2
9	g1-like7
9	g-box
9	fructose-bisphosphate
9	frigida
9	formate
9	folate
9	flavonol-3-o-glycoside-7-o-glucosyltransferase
9	flagellar
9	extra-large
9	extra
9	expression-enhancing
9	exostosin-like
9	ethylene-insensitive
9	ethanolamine
9	endochitinase
9	duf26-lc
9	drought-induced
9	differentiation
9	crrlk1l-1
9	crrlk1l
9	cora-like
9	ced-12
9	carrier-associated
9	bzip-1
9	brain
9	blast
9	beta-2
9	bem1p
9	b-c1
9	atropgef7
9	antifungal
9	anhydrases
9	alpha-mannosidase
9	alpha-l-arabinofuranosidase
9	alanine-glyoxylate
9	aintegumenta
9	agpase
9	adaptin
9	acyl-protein
9	acyl-coenzyme
9	acyl-[acyl-carrier-protein]
9	aconitate
9	7-phosphate
9	5-phosphosulfate
9	5-aromatic
9	4-glucan-protein
9	4-dehydrogenase
9	3-oxoacyl-synthase
9	3-oxo-5-alpha-steroid
9	3-deoxy-d-arabino-heptulosonate
9	3'
9	27c
9	2-3
9	-methyltransferase
9	-binding
8	xylanase
8	viral-response
8	vacuolar-sorting
8	uridylate
8	udp-arabinose
8	type-a
8	toxin
8	thaumatin-like
8	testis
8	terminus
8	tcp-domain
8	tasselseed-2
8	t-snare
8	sulphate
8	sulfur
8	sulfotransferase
8	subunit-binding
8	storekeeper
8	stalk-2
8	stage
8	sporulation
8	sporogenous
8	sphingolipid
8	sorbitol
8	snrnp
8	snrk1-interacting
8	snf1-related
8	silencing
8	sialyltransferase
8	sentrin
8	semialdehyde
8	selenium
8	sb0019s004410
8	s15a
8	s-assimilation
8	rrm-containing
8	rpp13-like
8	rolled
8	rieske
8	rf2a
8	retinoblastoma
8	resistant
8	reading
8	ran-binding
8	ramosa
8	r3h
8	pyruvatedehydrogenase
8	protein-1
8	protease-1
8	pro-x
8	prli-interacting
8	potato
8	pir7a
8	phosphatidylserine
8	phosphatidic
8	peroxisome
8	peroxiredoxin
8	pectinase
8	overexpressed
8	os4bglu12
8	ornithine
8	oligomeric
8	o-linked
8	o-fucosyltransferase
8	nucleotide-sugar
8	nucleotide-exchange
8	nucleolin
8	non-reductive
8	negative
8	nac-domain
8	multiple
8	mucin
8	mu-2
8	monoxygenase
8	monovalent
8	modifier
8	midasin
8	microsomal
8	metallothionein-like
8	mcm3-associated
8	mapkcmgc
8	map65-1a
8	macrophage
8	m-type
8	m-alpha
8	lysophospholipase
8	low-molecular-weight
8	long-chain
8	lecithin-cholesterol
8	l5e
8	l1p
8	l18p
8	l-allo-threonine
8	kith-2
8	kaurene
8	isoflavone
8	inactivating
8	immediate-early
8	hypersensitive-induced
8	hydroxymethyltransferase
8	hydrophobic
8	hexokinase
8	gsdl-motif
8	gp25l
8	glycogenin
8	glutaredoxin-c1
8	glucosidase
8	gluconeogenese
8	gdsl-lipase
8	gap-dh
8	fringe-related
8	frame
8	flower
8	flavonols
8	ferredoxin--nadp
8	expansin-b10
8	expansin-a15
8	exo-beta-glucanase
8	evolving
8	evidence
8	ethylene-upregulated
8	ethylene-insensitive3-like
8	enolase
8	elongase
8	ein3-like
8	eif-2b
8	dz-hrgp
8	divergent
8	diphosphatase
8	dihydrodipicolinate
8	digalactosyldiacylglycerol
8	dicarboxylate
8	dhurrinase
8	delta-2
8	dehydrogenase2
8	dehydrin
8	dehydrase
8	debranching
8	cyp78a54
8	cucumisin
8	cr4l
8	copper-transporting
8	confirmed
8	cognate
8	co-chaperone
8	circadian
8	cinnamoyl-coa
8	chemocyanin
8	ccr4-associated
8	ccoaomt
8	calmodulin-1
8	c-methyltransferase
8	c-2
8	bromo-adjacent
8	brevis
8	break
8	bn15d17a
8	beta3-glucuronyltransferase
8	beta-d-glucosidase
8	beta'-2
8	b5-like
8	b2-1
8	atpup3
8	atl5i
8	atl5f
8	atl2m
8	atl2b
8	atl1n
8	at-hook
8	arr-b
8	apocytochrome
8	aminophospholipid
8	aluminum-activated
8	alpha-kafirin
8	alpha-amylase
8	alpha-6
8	allene
8	affinity
8	actin-binding
8	acclimation
8	[nadh]
8	8'-hydroxylase
8	6-phosphofructokinase
8	6-kinase
8	6-dehydratase
8	5'-phosphate
8	4-trisphosphate
8	4-beta-mannosidase
8	3-hydroxy-3-methylglutaryl-coenzyme
8	3-bisphosphoglycerate-independent
8	3-and
8	3-
8	2-oxo
8	117m18
8	1-2
8	1-1
8	-adenine-specific
7	zfn-like
7	yt521-b
7	yippee
7	water-stress
7	voltage-dependent
7	v-atpase
7	uvb-resistance
7	uracil
7	uptake
7	uncoupling
7	ubiquitin-associated
7	type-2c
7	triple
7	trigger
7	transposable
7	transcripts
7	thiolesterase
7	thiolase
7	thiol-disulfide
7	taxadien-5-alpha-ol
7	tata-binding
7	t23e18
7	symbiotic
7	sumo-protein
7	sulfur-containing
7	subtilisin-chymotrypsin
7	ste24p
7	stalk-2-like
7	spidroin
7	shaggy-like
7	seuss
7	scarecrow-like
7	s-methyltransferase
7	rwp-rk
7	rna-associated
7	ring-finger
7	rhodanese
7	retinol
7	ranbp1
7	radix-like
7	radical
7	pyrophosphokinase
7	pti1-like
7	protein3
7	primordia
7	prenyl
7	pre-mrna-processing
7	ppr868-14
7	potassium-chloride
7	polynucleotide
7	polyketide
7	phytic
7	phospholipid-translocating
7	phosphoglucomutase
7	pectinesterase-1
7	osmads31
7	osfbduf17
7	oleosin
7	octicosapeptide
7	nonsense
7	non-cyanogenic
7	nodule
7	nitric
7	negatively
7	myristoyl-acyl
7	monophosphate
7	mlo-like
7	methylamine
7	methyl-cpg
7	methionyl-trna
7	mei2-like
7	maturase
7	lupus
7	lrr-kinase
7	lpxtg-motif
7	light-regulated
7	lecithine
7	l26-1
7	kinase-3
7	kafirin
7	isoflavones
7	inclusion
7	hydrogenase
7	hox2b
7	hly-iii
7	histocompatibility
7	hevamine-a
7	heparanase
7	heme-binding
7	hbp-1b
7	hat-like
7	had-superfamily
7	guanyltransferase
7	guanylate-binding
7	guanylate
7	gamyb-like1
7	gamma-tau
7	gaba-specific
7	flippase
7	fibrillarin
7	family-3
7	factor1
7	exportin
7	expansin-like
7	exoribonuclease
7	exoglucanase
7	excision
7	erwinia
7	epidermal
7	endoplasmin
7	dynein
7	duf26-la
7	double-strand
7	dikinase
7	differentially
7	dhhc-type
7	dehydrogenase1
7	defensin
7	decapping
7	cytosine-specific
7	cytokinesis
7	cysteinyl-trna
7	cysteine-trna
7	cyp72a16
7	cryptochrome
7	coupling
7	coronatine-insensitive
7	complement
7	coactivator
7	clock
7	clamp
7	cinnamyl
7	chromatin-remodeling
7	cement
7	cdt1a
7	carnitine
7	carboxykinase
7	caltractin
7	caleosin
7	caffeoyl-coa
7	c4-hydroxylase
7	c2h2l
7	c-palmitoyltransferase
7	branching
7	boron
7	bleomycin
7	beta-1-3-galactosyl-o-glycosyl-glycoprotein
7	bcl-2
7	barley
7	axial
7	auxilin
7	attack
7	atp-citrate
7	asymmetric
7	ark1as
7	argos
7	apyrase
7	apospory-associated
7	antiporter-2
7	anthanogene-1
7	anaphase-promoting
7	ampullate
7	aminoacyl-trna
7	amidohydrolase
7	alpha-n-arabinofuranosidase
7	adp-glucose
7	adhesive
7	a-3
7	6b
7	5-nucleotidase
7	3-n-debenzoyl-2-deoxytaxol
7	2-dihydroxy-3-keto-5-methylthiopentene
7	2-2
7	12-oxo-phytodienoic
7	12-oxo-pda-reductase
7	1-aminocyclopropane-1-carboxylic
7	1-acyl-sn-glycerol-3-phosphate
6	zos7-07
6	zos5-12
6	zmpip2
6	zemacp107
6	zeamatin
6	yippee-like
6	wrky67-superfamily
6	wrky55-superfamily
6	wrky46-superfamily
6	voltage-gated
6	viviparous-14
6	villin-3
6	valine
6	ubiquitin-onjugating
6	ubiquitin-fold
6	type-1-like
6	ts-n
6	tropinone
6	trithorax
6	triad
6	transportin
6	transporter-like
6	translational
6	transamidase
6	traf-type
6	syringolide-induced
6	synthetases
6	switch
6	sulfurtransferase
6	sulfoxide
6	sucrose-phosphate
6	sub-family
6	sterility
6	stem-specific
6	spindle
6	spatula
6	skp1-interacting
6	sister
6	sigma-54
6	short-root
6	sedolisin
6	scaffold
6	saur52-auxin-responsive
6	saur25-auxin-responsive
6	s25-1
6	s17-glutaredoxin
6	rtfl01-36-e19
6	riper4
6	ribonucleic
6	rf2b
6	reticulum-type
6	ralfl33
6	racemase
6	qltg-3-1
6	pyrophosphate-dependent
6	pyridoxal-dependent
6	pyridoxal
6	protein-tyrosine
6	protein-sorting
6	profilin
6	pre-rrna
6	positioning
6	polyprenyl
6	polyphenol
6	pleckstriny
6	plastid-lipid-associated
6	pirin
6	pir7b
6	phytosulfokines
6	phytochrome-interacting
6	phosphoribulokinase
6	phosphatidyltransferase
6	phi-1-like
6	phi-1
6	per1-like
6	peptidyl-trna
6	pdil1-5
6	pathogen-inducible
6	patellin-1
6	partially
6	p1-wr
6	oxidase-like
6	oxidase-2
6	otubain
6	ospdil1-5
6	osfbld1
6	obtusifoliol
6	o-sialoglycoprotein
6	o-glucosyltransferase
6	nucleotide-diphospho-sugar
6	nova-1
6	nitrilase-associated
6	ninja-family
6	naringenin
6	nadp-specific
6	n-acetyl-beta-glucosaminyl
6	myosin-1
6	myc7e
6	msk-3
6	mrp-like
6	monomers
6	mobility
6	methylenetetrahydrofolate
6	methyladenine
6	methionine-trna
6	membrane-bound
6	membrane-anchored
6	mariner
6	mannosyl-oligosaccharide
6	machinery
6	lissencephaly
6	leunig
6	leukemia
6	legume
6	leaves2
6	leafy
6	l10a
6	knotted
6	kexin
6	kdasubunit
6	kanadi-like
6	jubel1
6	jhl23j11
6	jhl07k02
6	jhl05d22
6	isca-like
6	insoluble
6	i1-glutaredoxin
6	hypro1
6	hydroxymethylglutaryl-coa
6	huntingtin
6	homolog2
6	homocysteine
6	histidine-containing
6	hhh-gpd
6	hexaphosphate
6	heparan-alpha-glucosaminide
6	helix
6	haemolysin-iii
6	gt-2
6	glyceral
6	glucanase
6	gland
6	genscan
6	gamyb-binding
6	gag-pol
6	g14a
6	fructose-bisphospate
6	fructokinase
6	forming
6	formin-like
6	formation
6	finger-containing
6	fibrillarin-2
6	feathered
6	fad-linked
6	f-atpase
6	expression
6	expansin-b1
6	expansin-a23
6	expansin-a19
6	executer1
6	ethphon-induced
6	estradiol
6	essential
6	escort
6	ergosterol
6	epsin
6	e2f-related
6	dynamin-2a
6	dual-specificity
6	dopamine
6	dolichyl-diphosphooligosaccharide--protein
6	dj-1
6	dihydrolipoyl
6	developmental
6	detoxification
6	delta-3
6	delta-12
6	degrading
6	decarboxylating
6	ddtfr18
6	d-tdp-glucose
6	cystathionin
6	cyp709e4
6	cyclosome
6	cyclopropane-fatty-acyl-phospholipid
6	cyclophilin
6	cross-link
6	cor413-pm1
6	complete
6	collagen
6	cis-zeatin
6	choline-phosphate
6	centromere-specific
6	cdp-alcohol
6	cchc-type
6	cation-transporting
6	carboxypeptidase-like
6	carbamoyltransferase
6	ca2+-atpase
6	c8-glutaredoxin
6	brassinazole-resistant
6	binding-protein
6	binder
6	beta-monooxygenase
6	beta-carotene
6	beta-amyrin
6	beta-7
6	benzoxazinone
6	benzothiadiazole-induced
6	b6-f
6	b-like
6	b-cell
6	b-binding
6	auxin-repressed
6	auxin-inducible
6	atl3j
6	atl1l
6	atg4b
6	atchx
6	atbet9
6	arabino-lactone
6	ap2-like
6	ap-2
6	anter-specific
6	anhydrasenectarin-3
6	amylase
6	alliin
6	adenylyl-sulfate
6	adagio
6	active
6	activator-like
6	actin-1
6	a-1
6	[nadp]
6	[includes
6	4-mannosyltransferase
6	31-like
6	3-phosphoadenosine
6	3-phosphatidyltransferase
6	3-oxoacyl-reductase
6	3-hydroxyisobutyrate
6	3-dioxygenase
6	3'-glucosyltransferase
6	2-oxoglutarate-dependent
6	2-like
6	2-aminoethanethiol
6	2-alpha-mannosidase
6	1d
6	17-beta-dehydrogenase
6	14-alpha
6	1-deoxy-d-xylulose
5	zmpip1
5	zmnas2
5	zmnas1
5	zemacp072
5	zeaxanthin
5	zeammp112
5	zeammp061
5	ygl010w
5	yabby2
5	y4ub
5	xylosyltransferase
5	wrky53-superfamily
5	wrky23-superfamily
5	whole
5	white
5	weight
5	water
5	wall-related
5	wak1-oswak
5	villin
5	verprolin
5	vacuolar-processing
5	unc-like
5	udp-sugar
5	u2af-associated
5	tumour
5	triose-phosphate
5	transposase-derived
5	translocator1
5	transfactor
5	thymidylate
5	threonine-proteinkinase
5	tgsaur22
5	temperature-sensitive
5	telangiectasia
5	tasselseed
5	tacam2-2
5	t-cell
5	synthase-7
5	subunit-like
5	subcomplex
5	strain
5	steroid-binding
5	srf-type
5	spliceosome
5	shr5-receptor-like
5	shotgun
5	shaker
5	sf2-like
5	sexual
5	sesquiterpene
5	serpin
5	senescence-induced
5	senescence-assocated
5	selenoprotein
5	sel1-like
5	saur33-auxin-responsive
5	saposin-like
5	s3a
5	s27a
5	s-acyltransferase
5	rtfl01-43-h20
5	rrna-processing
5	rpm1-interacting
5	rough
5	roothairless
5	ripe-like
5	rio-like
5	ribose-phosphate
5	ribose-5-phosphate
5	ribonucleotide
5	ribonucleoside-diphosphate
5	ribonucleoside
5	rho-related
5	retroelement
5	reticulum-golgi
5	response-related
5	repeats
5	reductoisomerase
5	recycling
5	quinate
5	pyrimidine-specific
5	pyridoxine
5	pyridoxamine
5	pump-driving
5	prs-pp
5	protoporphyrin
5	protein-interacting
5	protective
5	proliferating
5	proenzyme
5	process
5	pro-resilin
5	pr-1
5	ppr-814b
5	ppppr
5	potyvirus
5	polyphosphoinositide
5	polyol
5	pif-like
5	phytyltransferase
5	phytol
5	phytocyanin
5	phytanoyl-coa
5	phylloplanin
5	photoreceptor-interacting
5	phosphomannose
5	phosphohydrolase
5	phosphatase-related
5	phosphatase-associated
5	phosphatase'
5	phloem-specific
5	phenylalanine-trna
5	peroxin
5	pericarp
5	peptide-binding
5	peptidase-like
5	pdil2-1
5	patterning
5	patellin
5	pad-1
5	p30sh115j16
5	oxoacyl
5	outward-rectifying
5	oswak51
5	ospdil2-1
5	osmotin
5	osketha
5	osfbx237
5	osfbk15
5	osapx1
5	organs
5	omega-3
5	oligosaccharyl
5	o-deacetylbaccatin
5	nucleotidase
5	nop5-1
5	nodulation-signaling
5	nod26-like
5	nitrilase
5	nicalin
5	natural
5	nad-binding
5	n-glycosidase
5	mutated
5	multi-sensor
5	mpk17-1-putative
5	mouths
5	mnb1b
5	mixed-linked
5	mini-chromosome
5	methylsterol
5	meiosis
5	maternal
5	mannose-6-phosphate
5	mannose-1-phosphate
5	mannitol
5	lysyl-trna
5	luc7-like
5	loader
5	lipopolysaccharide-modifying
5	lipolytic
5	limonoid
5	light-inducible
5	light-induced
5	legumin
5	latex-abundant
5	l7-2
5	l23a
5	l-asparaginase
5	kid-containing
5	kelch-repeat
5	kanadi1
5	k10b2
5	isolog
5	isoleucyl-trna
5	isoleucine-trna
5	isochorismatase
5	isoamyl
5	inward
5	interferon-related
5	interferon-induced
5	insulin-degrading
5	insulin
5	insp-kinases
5	inositol-tetrakisphosphate
5	inositol-3-phosphate
5	initiator
5	in2-1
5	iii-10-0-acetyltransferase
5	ii-associated
5	hypoxia
5	hypersensitive
5	hydroxycinnamoyl
5	hox2a
5	hothead
5	hormones
5	homology-3
5	homogentisate
5	harvesting
5	harpin
5	harbinger
5	hac-like
5	h-btb5
5	h+-translocating
5	gyrase
5	guanine-n
5	green
5	got1b
5	glyoxysomal
5	glutamate--ammonia
5	glucuronoxylan
5	glucosamine
5	globulin
5	geranyl
5	gdp-dissociation
5	gb|n37185
5	gated
5	gamma-synthase
5	gamma-1
5	galacturan
5	galactosylgalactosylxylosylprotein
5	galactinol
5	ga17271-pa
5	g-d-s-l
5	g-1
5	fungal
5	folylpolyglutamate
5	fmo-1
5	fluorescence
5	floral
5	filamentation
5	ferredoxins
5	ferredoxin-1
5	farnesyltransferase
5	fanconi
5	factor-1
5	f1f0-atpase
5	extensin-like
5	expansin-a4
5	exopg
5	exodeoxyribonuclease
5	exhydrolase
5	ethylene-overproduction
5	erythrocyte
5	erebp-4
5	epoxidase
5	ent-copalyl
5	endonuclease-redox
5	endomembrane
5	ein3-binding
5	domains-containing
5	docking
5	dnd-binding
5	diphosphonucleotide
5	desiccation-associated
5	delta-1-pyrroline-5-carboxylate
5	dehydrodolichyl
5	dcp1-like
5	d-3-phosphoglycerate
5	cystathionine
5	cyp734a8
5	cyp71w7
5	cycloartenol-c-24-methyltransferase
5	cyclin-t1-4
5	cyclin-t1-3
5	cyclin-d2-2
5	cw-type
5	crs2-associated
5	crinkly
5	copalyl
5	contain
5	condensin
5	complex-binding
5	complex-associated
5	compartment
5	cointegrator
5	coclaurine
5	class-i
5	centromeric
5	carcinoma
5	capping
5	capip1
5	cap-binding
5	candidate
5	camta
5	c28h8
5	c-type
5	c-4
5	bundling
5	breast
5	branched-chain-amino-acid
5	bn15d14a
5	beta-hexosaminidase
5	beta-5
5	beta'-3
5	benzoxazineless
5	belonging
5	barren
5	b12d
5	b-3
5	auxin-binding
5	autopeptidase
5	atpase-related
5	atpase-containing
5	atp-utilising
5	atmyb4
5	atl2c
5	atl2a
5	athb-4
5	ataxin-2
5	ataxia
5	aspartyl-trna
5	asorbate
5	arsenical
5	armadillo-repeat
5	apx1-cytosolic
5	aprl6-zea
5	appr-1-p
5	ankyrin-repeat
5	anemia
5	analog
5	amyloplastic
5	alpha-1b
5	alliinase
5	allele
5	aldo-keto
5	alanine--glyoxylate
5	agap008244-pa
5	agap002965-pa
5	acyl-coa-binding
5	acid-rich
5	acetylesterase
5	acetolactate
5	acetate-hydrolyzing
5	acclimation-induced
5	acanthoscurrin-1
5	abc-type
5	[cu-zn]
5	99a2
5	8a
5	71a1
5	6-phosphogluconolactonase
5	5a2
5	5a
5	5-phosphatase'
5	5-bisphosphate
5	4l
5	4-coumarate
5	4-beta-d-glucanase
5	4-alpha-galacturonidase
5	3-beta-glucuronosyltransferase
5	2putative
5	24-methylenesterol
5	22kd
5	206i21t7
5	2-phosphoglycerate
5	2-o-methyltransferase
5	14-3-3-like
5	12-oxophytodienoate
5	1-phosphatidylinositol-3-phosphate
5	1-kinase
5	1-gamma
5	1-dehydrogenase
5	1-8
5	1-5
5	1-3
4	zos9-10
4	zos12-05
4	zos1-19
4	zmtip4
4	zipper-containing
4	zinc-transporting
4	zeammp162
4	zeammp109
4	zeammp107
4	zeammp105
4	zeammp080
4	zeammp063
4	zeammp062
4	zeammp060
4	zeammp052
4	xth-39
4	wrky39v2-superfamily
4	wndr1d
4	wings
4	wak80-oswak
4	wak-like
4	vulgare
4	vte2-1
4	voltage
4	viroid
4	versicolorin
4	variable
4	valyl-trna
4	vacuolar-type
4	uv-damaged
4	uro-adherence
4	ureide
4	ugpase
4	ubiquinol-cytochrome-c
4	tyrosine-specific
4	turnover
4	trna-dihydrouridine
4	transportin-2
4	translocon-associated
4	translocon
4	transformylase
4	trans-cinnamate
4	tm-1gcr237
4	tip3-1
4	thromboxane-a
4	thiosulfate
4	tetrahydrofolate
4	temperature
4	taxane
4	tata-box-binding
4	target
4	tamyb1
4	tahdzipi-1
4	synthetase1
4	synthase-9
4	synaptonemal
4	symptom
4	swirm
4	surfactant
4	sulfolipid
4	subunitbeta
4	stylosa
4	stress-responsive
4	stress-associated
4	strand
4	stimulation
4	stemar-13-ene
4	stay-green
4	starvation-induced
4	splice
4	sorghum
4	snoopy
4	snf-related
4	sip1-1
4	sigma-like
4	sigma-2
4	sig2b
4	shared
4	serine-glyoxylate
4	serine--glyoxylate
4	sequence-specific
4	senescence-inducible
4	sector
4	sec13-related
4	sb0506s002010
4	saur55-auxin-responsive
4	saur44-auxin-responsive
4	saur36-auxin-responsive
4	saur16-auxin-responsive
4	saur11-auxin-responsive
4	sarcoplasmic
4	sar1a
4	saicar
4	sad1-unc84-like
4	saccharopine
4	s9-2
4	s-methylmethionine
4	s-adenosyl-l-methionine
4	ruvb-like
4	rtfl01-19-n09
4	rpn5b
4	rpn2a
4	ribulose-phosphate
4	ribosome-inactivating
4	ribosome-binding
4	riboside
4	ribose
4	ribokinase
4	rhythmically
4	rhicadhesin
4	rhb1a
4	retinoblastoma-related
4	retinaldehyde-binding
4	resolvase
4	resistance-responsive
4	rer1a
4	repressible
4	remembr-h2
4	reductase-thymidylate
4	reduced
4	receptor-interacting
4	radix
4	rac-like
4	quinone-oxidoreductase
4	pvr3-like
4	puromycin-sensitive
4	ptative
4	pseudourine
4	protoporphyrinogen
4	protein-o-fucosyltransferase
4	prostaglandin
4	prohibitin
4	presenilin
4	preprotein
4	preferring
4	pp2c-like
4	pp2a
4	potasium
4	pore-forming
4	polymerase-associated
4	polyamin
4	pollenless3
4	plastid-lipid
4	plastid-encoded
4	plasminogen
4	placental
4	pistil-specific
4	pinin
4	photoperiod
4	phosphorylmutase
4	phosphoribosylformylglycinamidine
4	phosphoribohydrolase
4	phosphoinositide-specific
4	phosphoinositide-interacting
4	phospho1
4	phosphatidylinositol-4-phosphate-5-kinase
4	phloem
4	pherophorin
4	pheromone
4	phenylalanyl-trna
4	phaseolin
4	petunia
4	peroxisomal-coenzyme
4	peptide-n4-
4	pdr-like
4	pattern
4	pantothenate
4	p-protein
4	outward
4	oswrky39v2
4	oswak-rlp
4	ossub52
4	osmads27
4	osgdi1
4	osfbx82
4	osfbl19
4	osfbduf22
4	oscam1-3
4	orthophosphate
4	orf63-rice
4	opaque-2
4	omega-6
4	odorant
4	ocs-element
4	o-succinylhomoserine
4	nucleosidase
4	nucleoredoxin
4	ntrab11d
4	nt-rab6
4	nramp6
4	nramp3
4	notch
4	non-structural
4	non-lysosomal
4	nifu-like
4	nicotinate
4	neurogenic
4	nashi
4	nadph--cytochrome
4	nad+
4	n-ribohydrolase
4	n-dimethylguanosine
4	mutator-like
4	muscle
4	multidrug-resistance
4	msh-like
4	motility
4	mosaic
4	monooxygenase-like
4	monoculm
4	molybdopterin-binding
4	modulation
4	modular
4	mnb1a
4	mixta-like
4	mitochodrial
4	migration
4	methylcytosine
4	metalloendopeptidase
4	matrix-associated
4	mannose-binding
4	maltose
4	maize
4	lysine-trna
4	lysine-9
4	lipoyl
4	lipoic
4	lipoate-protein
4	linker
4	ligand-gated
4	ligand-binding
4	lichenase-2
4	lhcii
4	leucyl-trna
4	leucine-trna
4	leucine-rich-repeat
4	legumin-like
4	lectins
4	lecrk
4	lec14b
4	late-embryogenesis-abundant
4	lachrymatory
4	l7-1
4	l3putative
4	l35a
4	l33-b
4	l22-2
4	l19-3
4	l12-2
4	kinesin-like
4	kinase-related
4	k-exchanger
4	junction
4	jhl10i11
4	isoamylase-type
4	isoamylase
4	iq-domain
4	integrity
4	integrin-linked
4	insertion
4	inositol-1-monophosphatase
4	inosine-uridine
4	inducing
4	inducibl
4	indeterminate
4	immunophilin
4	ii-3
4	ifa-binding
4	identical
4	iaa5-auxin-responsive
4	iaa31-auxin-responsive
4	iaa15-auxin-responsive
4	iaa13-auxin-responsive
4	iaa1-auxin-responsive
4	hydroxyacylglutathione
4	hordeum
4	hook-containing
4	homogentisic
4	homeodomain-leucine
4	homeobox-like
4	holocarboxylase
4	hga-like
4	hfr-2
4	hexosyl
4	hexokinase-2
4	heparanase-like
4	hemolysin
4	hemoglobin
4	heat-and
4	hcbt-like
4	h+-exchanging
4	gt-3b
4	gonidia
4	glyoxal
4	glycyl-trna
4	glycine-trna
4	glutamate-trna
4	glucosylceramidase
4	glucosyl-transferase
4	glu-trna
4	gf14-a
4	genefinder
4	gbof-1
4	gamyb
4	gametophyte-specific
4	galacturonate
4	galactokinases
4	gaga-binding
4	g6pd
4	g1-like3
4	g-protein-related
4	fumarylacetoacetate
4	fructose-1
4	fringe
4	fragments
4	formyltransferase
4	flavin-binding
4	fimbrin
4	fimbriata
4	ferrochelatase
4	ferric
4	ferredoxin-thioredoxin
4	ferredoxin-6
4	female
4	fbpase
4	farnesylated
4	farnesyl
4	factor-binding
4	f13j11
4	f12f1
4	f-actin
4	external
4	expansin-a31
4	excess
4	ep-b
4	enzyme1
4	elicitor-responsive
4	eif-4a
4	eif-3
4	eh-domain-containing
4	e2f2
4	e2-17
4	dwarf
4	duf26-lh
4	duf26-lf
4	dual-specific
4	domain-interacting
4	domain-binding
4	dna-damage-inducible
4	dimethylaniline
4	dihydrofolate
4	differentiation-related
4	demeter
4	dehydroxydec
4	defence
4	defect
4	death1
4	dcn1-like
4	dc-8
4	cytoskeletal
4	cytokinin-regulated
4	cyp94d27
4	cyp84a33v1
4	cyp81a4
4	cyp74a18
4	cyp72a28v2
4	cyp709c14
4	cyclo-ligase
4	cyclin-d5-2
4	curculin-like
4	cullin-4b
4	cucumber
4	cprf-2
4	corresponds
4	copper-exporting
4	cop1-interacting
4	condensing
4	coiled
4	cobra-like
4	clc-type
4	classical
4	circumsporozoite
4	cingulin
4	ci-1b
4	chromosome-associated
4	chp-rich
4	chloroplast-targeted
4	chelatase
4	chain-related
4	cg18020d
4	ceramide
4	centroradialis-like1
4	cenpca
4	cenp-c1
4	cdt1b
4	ccaat-hap3
4	catabolite
4	carboxy-terminal
4	carbamoyl-phosphate
4	carbamoyl
4	calsequestrin
4	calmodulin-regulated
4	c-acyltransferase
4	bzip-like
4	by-2
4	brg-1
4	brassinosteroid-insensitive
4	box-binding
4	blind
4	bicolor
4	betanidin-5-o-glucosyltransferase
4	betaine
4	beta-mannosidase
4	beta''
4	benzoyl
4	bed-type
4	bcl-2-associated
4	b-keto
4	b-hydroxyethyl
4	b-4
4	b'
4	atmap70-3
4	athanogene
4	atgrf5
4	atbag5
4	atath13
4	aspartate-trna
4	asparaginyl-trna
4	asparagine-trna
4	arsenite
4	arabinogalactan-protein
4	ankyrin-like
4	angustifolia
4	ampkh
4	aminotransferases
4	aminoaldehyde
4	aminoalcoholphosphotransferase
4	alg9-like
4	adenylosuccinate
4	adenyl
4	adapitin
4	actin-dependent
4	acid-stable
4	acetyl-coenzyme
4	acanthoscurrin-2
4	abre-binding
4	aba-responsive
4	a-subunit
4	a-2
4	a-10
4	[contains
4	[adp-ribose]
4	8-14
4	7s
4	5-3
4	5'-monophosphate
4	4-sulfotransferase
4	4-reductase
4	4-monooxygenase
4	4-methyl-5-thiazole
4	4-methyl-5
4	4-beta-glucanase
4	4-b-glucanase
4	3-oxoacyl-[acyl-carrier-protein]
4	3-o-methyltransferase
4	3-like
4	3-hydroxy-3-methylglutaryl-coa
4	3-epimerase
4	3-dehydroquinate
4	3-beta-glucosyltransferase
4	3'-hydroxylase
4	3'-5'
4	3''-monooxygenase
4	23s
4	20-1
4	2-hydroxyphytanoyl-coa
4	2-hydroxyacid
4	2-glutaredoxin
4	2-deoxyglucose-6-phosphate
4	2-c-methyl-d-erythritol
4	2-alkenal
4	1r-myb1
4	13-alpha-hydroxylase
4	11-
4	1-phosphatidylinositol-4-phosphate
4	1-acylglycerol-3-phosphate
4	-thiazol
4	-hydroxymandelonitrile
4	-coclaurine-n-methyltransferase
