502572	Total Count
9423	nucleus
8331	cellular
8079	component
6154	encodes
6093	membrane
6091	superfamily
5987	response
4831	chloroplast
4517	regulation
4169	system
3968	element
3966	endomembrane
3906	transposable
3764	mitochondrion
3516	biosynthetic
3464	cytoplasm
3433	plasma
3326	region
3290	transcription
3082	metabolic
2983	factor
2913	transport
2792	conserved
2789	p-value
2714	catalytic
2646	extracellular
2573	development
2383	n-terminal
2312	repeat
2152	stage
2145	member
2141	differentiation
1946	dna-templated
1890	complex
1730	sequence-specific
1720	similar
1720	pathway
1717	kinase
1694	c-terminal
1692	retrotransposon
1674	petal
1649	pseudogene
1619	expansion
1575	catabolic
1565	putative
1554	amino
1542	active
1529	signaling
1518	cytosol
1508	pollen
1498	serine
1487	finger
1485	subunit
1452	anthesis
1434	transmembrane
1409	organization
1398	stress
1364	transferase
1352	defense
1336	embryo
1309	golgi
1261	elongation
1254	flower
1202	transporter
1193	hydrolase
1181	plant-type
1147	small
1125	mature
1103	phosphorylation
1088	kinase-like
1051	positive
1035	subgroup
1034	nucleotide
1024	nucleic
1013	dna-binding
1005	intracellular
983	light
983	expression
976	signal
975	negative
971	hypothetical
957	resistance
956	threonine-protein
949	threonine
933	meristem
912	translation
910	reticulum
910	endoplasmic
909	apparatus
904	stimulus
895	formation
892	translational
885	gypsy-like
863	f-box
854	plasmodesma
854	modification
841	mediated
818	targeting
813	assembly
806	morphogenesis
798	transduction
796	containing
778	subfamily
768	reduction
753	regulator
752	domain-containing
751	oxidoreductase
749	transposase
745	adaptor
742	motif
732	related
728	synthase
721	transcriptional
720	vacuole
717	carbohydrate
708	structural
708	hydrogen
706	abscisic
701	glycosyl
695	thaliana]
695	[arabidopsis
692	class
689	triplet
689	receptor
688	codon-amino
687	alpha
685	nuclear
679	group
676	oxidation
672	dormancy
660	mutants
659	dna-dependent
658	lipid
657	cyclin-like
655	germinated
654	peptidase
653	enzyme
649	leaves
646	groups
642	envelope
641	thylakoid
637	cotyledon
636	transferring
633	anticodon
631	pre-trna
627	ribosomal
624	identity
613	associated
609	leucine-rich
607	stroma
602	ending
601	interaction
601	auxin
598	polyprotein
596	plastid
595	which
593	integral
589	water
589	mutant
589	cysteine
588	sequence
580	ligase
579	salicylic
578	required
570	processing
569	methylation
567	atpase
557	transition
552	tyrosine-protein
551	calcium
550	members
550	athila
548	jasmonic
546	vacuolar
546	histone
540	mitochondrial
539	peroxide
539	bacterium
536	ring-type
536	repeat-containing
534	ubiquitin
528	fungus
524	myristoylation
520	ribosome
517	gametophyte
515	genes
514	biosynthesis
509	dehydrogenase
506	inhibitor
506	cycle
505	fatty
501	silencing
497	pentatricopeptide
495	copia-like
494	electron
492	systemic
490	carrier
490	-like
489	tetratricopeptide
489	skp2-like
487	constituent
483	major
483	ethylene
483	cadmium
477	homolog
475	vegetative
475	helical
473	blastp
470	bilateral
469	acquired
465	hypersensitive
463	shoot
463	globular
460	phosphatase
459	induced
459	biogenesis
458	initiation
448	oxidase
445	oxygen
445	cytochrome
441	glycoside
437	protease
434	chitin
433	chromatin
431	expanded
428	cytosolic
427	phase
426	reductase
426	organ
424	deprivation
423	u-box
423	similarity
417	proteolysis
416	gypsy
413	homeodomain-like
409	chain
408	homeostasis
406	phosphate
405	import
404	acting
401	eukaryotic
401	cleavage
399	metal
399	division
396	ubiquitin-dependent
395	apoplast
393	predicted
386	levels
384	vesicle-mediated
383	visible
381	regulatory
380	recognition
377	movement
377	copia-element
377	cation
376	reproductive
375	cultured
370	processes
365	-binding
364	domains-containing
362	rna-binding
360	starvation
357	substrate
357	splicing
357	proton
355	mitotic
354	hydrolases
353	nucleoside
351	ubiquitination
350	chromosome
349	ty3-element
349	serine-threonine
347	germination
344	folding
342	wounding
342	polymerase
341	sativa
337	repair
337	aaa+
334	cacta-like
333	microtubule
333	cytoskeleton
329	stomatal
329	non-ltr
328	mutations
324	homeodomain-related
324	glucose
323	sugar
320	sepal
319	mirna
319	large
319	cacta-element
317	yeast
316	promoter
315	genetic
314	nucleolus
314	endopeptidase
314	bacterial
313	nucleotide-binding
313	components
312	cells
311	c3hc4
310	photosynthesis
310	peroxisome
310	cytokinin
309	actin
307	ubiquitin-protein
307	death
307	armadillo-type
305	proliferation
305	pectin
305	1|
304	sucrose
303	gtpase
302	hypocotyl
302	defective
299	shock
299	maintenance
299	embryogenesis
299	disease
297	oxidative
295	specification
295	reverse
294	floral
293	replication
291	unfolded
290	vesicle
287	sperm
287	reduced
287	polypeptide
286	storage
285	interacts
284	regulate
284	flowering
283	basic
282	copper
280	synthesis
280	photosystem
280	either
279	potential
279	domains
278	evidence
278	compounds
277	lyase
277	diphosphate
275	repeat-like-containing
275	alpha-beta
275	[brassica
274	mutator-like
274	chaperone
273	transcriptase
273	recombination
271	triphosphate
271	tissues
271	immune
270	whorl
268	vitro
268	protein-related
267	p-loop
267	network
267	glycoprotein
267	endosome
266	mudr-element
265	nitrate
265	methyltransferase
264	monooxygenase
264	line-element
264	acid-binding
262	rnp-1
262	pattern
261	phosphatidylinositol
261	peptide
261	homology
261	general
260	precursor
260	plait
260	hydrolyzing
260	accumulation
257	o-glycosyl
257	innate
256	respiratory
255	lateral
254	regulates
254	hyperosmotic
254	cysteine-rich
254	acid-activated
252	tyrosine
252	rni-like
252	anchored
251	chlorophyll
250	selection
249	stamen
249	oleracea]
248	purifying
248	japonica
248	cultivar-group
246	trichome
246	negatively
246	natural
246	channel
245	starch
245	specific
245	pathogenesis-related
245	brassinosteroid
245	antisense
244	photomorphogenesis
244	e-class
243	proteasome
243	lectin
243	dephosphorylation
243	apical
242	toxin
241	thioredoxin
238	helicase
238	enzymes
237	thioredoxin-like
236	trans-golgi
236	isopentenyl
235	phenotype
234	intensity
234	atp-binding
233	synthetase
233	4-phosphate
231	homologous
231	ester
230	methylerythritol
230	including
230	glycosylation
229	shown
229	myb-type
228	motifs
227	overlaps
227	essential
227	cellulose
226	meiotic
226	belongs
225	plate
224	seedling
223	receptor-like
223	early
222	molecule
222	cytokinesis
221	found
220	wd40-repeat-containing
219	ob-fold
218	programmed
217	roots
217	musculus
216	beta-hydrolases
215	purine
215	production
214	virus
214	glucosinolate
213	{oryza
213	facilitator
213	cascade
212	serine-type
211	guard
209	secondary
209	calmodulin
208	xylem
207	regulated
207	length
206	repressor
206	coupled
206	"cytochrome
205	central
204	senescence
204	carpel
203	calcium-binding
203	bonds
202	transfer
202	ribonuclease
201	precursors
201	lipase
200	defensin-like
200	circadian
199	subdomain
199	compound
198	pentose-phosphate
198	allergen
197	target
197	kelch
197	gamma
197	factors
196	transducin
196	reaction
196	glycolytic
194	transcript
194	there
193	xylan
193	phd-type
192	shunt
192	appears
191	dimerisation
190	galactose
190	calcium-dependent
189	multicellular
188	responsive
188	misfolded
186	unidimensional
186	microrna
186	interference
186	h3-k9
186	beta-propeller
185	result
184	gtp-binding
184	gibberellin
184	binds
184	atp-dependent
183	tetratricopeptide-like
183	sterol
183	several
183	ovule
183	intrinsic
183	glucuronoxylan
182	processed
182	inner
182	armadillo-like
181	uncharacterised
181	maturation
181	glycine
180	nucleobase
180	methyltransferases
180	flavonoid
180	ef-hand
179	phloem
178	tissue
178	osmotic
178	matrix
178	dicer-like
177	through
177	interacting
177	inflorescence
177	incompatible
177	fbd-like
177	directing
176	single
176	rhythm
175	oxygenase
175	micrornas
175	fungal
175	break
174	~21-nucleotides
174	oryza
174	hairpin
174	attenuating
173	repeat-like
173	photoperiodism
173	anthocyanin
172	helix-loop-helix
172	dependent
172	bifunctional
172	beta-oxidation
171	double-strand
170	ribonucleotide
170	pyrimidine
169	salinity
169	nb-arc
168	developmental
168	activator
167	nucleation
167	double
166	heavy
166	deposition
165	virulence
165	vascular
165	cyclopentenone
164	primary
164	lysine
164	gravitropism
164	gluconeogenesis
164	c2h2-like
163	plant-specific
161	reading
161	mutation
160	photorespiration
160	g-protein
160	frame
160	endonucleolytic
160	ef-hand-like
159	integrase-type
159	between
158	s-adenosyl-l-methionine-dependent
158	leucine
158	cluster
157	donors
156	responses
156	c2h2-type
156	apoptosis
156	-dependent
155	whose
155	nucleoside-triphosphatase
155	eight
154	maltose
154	histidine-rich
154	fructose
154	encode
154	dead-like
153	symporter
153	pectinesterase
153	organismal
153	isomerase
153	endonuclease
153	encoding
152	under
151	sister
151	lipid-binding
150	temperature
150	novel
150	lethality
150	known
150	control
150	autophosphorylation
149	wd-40
149	ribonucleoprotein
149	origin
149	identical
149	catalyzes
149	antiporter
148	rossmann-fold
148	myb-like
148	ligation
148	increased
146	tolerance
146	methionine
146	degradation
146	c1-like
145	zipper
145	targets
145	chromatid
145	biotic
144	udp-glycosyltransferase
144	segregation
144	inositol
144	determination
144	cohesion
143	three
143	likely
143	defects
143	anion
143	acids
142	synthase-like
142	magnesium
141	reciprocal
141	nucleolar
141	hydroxyproline-rich
141	2-oxoglutarate
139	methylesterase
139	invertase
138	toll-interleukin
138	polysaccharide
138	carboxylesterase
137	plays
135	transposon
134	polynucleotidyl
134	detection
134	acclimation
133	sulfur
133	sorghum
133	propeller
133	polar
133	iron-sulfur
133	efflux
133	effector
133	bicolor
132	highly
132	abundant
131	secreted
130	sandwich
130	mirnas
130	fruit
130	burst
129	symmetry
129	change
129	based
129	ankyrin
129	-related
128	suggesting
128	kelch-type
128	karrikin
127	specifically
127	redox
127	oxoglutarate
127	albumin
126	pyridoxal
126	aaa-type
125	proteinase
125	organism
124	lipid-transfer
124	endosperm
124	endoreduplication
123	level
123	gametogenesis
123	analysis
122	lines
122	ethylene-activated
122	2s
121	vernalization
121	udp-glucosyltransferase
121	transporter-like
121	spliceosome
121	mads-box
121	iron-dependent
121	flowers
121	dehydratase
121	cul4-ring
121	auxin-responsive
121	acceptor
120	tryptophan
120	methylation-dependent
119	post-translational
119	overexpression
119	oligopeptide
118	udp-glucuronosyl
118	organelle
118	macromolecule
118	lumen
118	helix-turn-helix
118	concanavalin
118	a-like
117	ty3-family
117	ob-fold-like
117	multidimensional
117	indoleacetic
117	damage
117	cullin
117	amylase
116	proteasome-mediated
116	phospholipid
116	outer
116	normal
116	domain-like
116	copia-family
116	alcohol
115	phosphate-dependent
115	homeobox
115	glucanase
115	gag-pol
115	activation
114	uv-b
114	transducer
114	tir-nbs-lrr
114	isoform
114	adhesion
113	terpenoid
113	photosynthetic
113	glycine-rich
113	cell-cell
113	c-terminal-like
113	barrel
113	2og
112	ta-sirnas
112	subsp
112	retroelement
112	lyase-like
112	identified
112	freezing
112	disulfide
112	callose
111	trypsin-alpha
111	peroxidase
111	permease
111	mediate
111	communication
111	aromatic
110	substances
110	proteasomal
110	histidine
110	acyl-coa
109	transcripts
109	nuclear-transcribed
109	manganese
109	kinases
109	carotenoid
108	spindle
108	calmodulin-binding
107	arrest
106	within
106	homologue
106	forms
106	epidermal
106	anther
105	paired
105	haloacid
105	filament
105	aspartyl
104	zinc-binding
104	regulating
104	n-linked
104	export
104	exonuclease
104	diacylglycerol
104	dehalogenase-like
104	acetyl-coa
104	2c
103	proline
103	potassium
103	methylglyoxal
103	functional
103	conditions
102	self-incompatibility
102	polarity
102	galactolipid
102	acylhydrolase
101	radiation
101	organs
101	hypoxia
101	gdsl-like
101	deneddylation
100	short-chain
100	indica
100	glutathione
100	generation
100	cysteine-type
100	cyclase
99	upstream
99	their
99	lipoprotein
98	winged
98	mannose-binding
98	low-molecular-weight
98	fusion
98	calmodulin-dependent
97	traf-like
97	seedlings
97	metabolism
97	fad-binding
97	encoded
97	d-lactate
96	rmlc-like
96	relocation
96	motor
96	chloroplasts
96	cchc-type
95	vitamin
95	long-chain
95	hormone
95	gibberellic
95	eukaryote
95	brassica
94	ubiquinone
94	relative
94	interact
94	cytoplasmic
93	these
93	jelly
93	human
93	agamous-like
93	abaxial
92	structure
92	present
92	polyketide
92	fold-1
92	exhibit
92	dna-directed
92	divalent
91	treatment
91	rossmann-like
91	results
91	redundant
91	proline-rich
91	nutrient
91	different
91	after
91	adaxial
90	suppressor
90	sensitive
90	respiration
90	reactive
90	nad-dependent
90	multi-organism
90	h+
90	cupredoxin
90	coenzyme
90	amino-acyl
89	using
89	ribitol
89	protein-like
89	homodimerization
88	shows
88	propeptide
88	nomenclature
88	homeodomain
87	supergroup
87	proposed
87	oleracea
87	important
87	first
87	aspartate
86	residues
86	nadph
86	glutamate
86	filament-based
86	drought
86	detoxification
86	adenine
85	targeted
85	specificity
85	shaqkyf
85	seeds
85	product
85	phospholipase
85	incorporation
85	hydrophobic
85	histone-fold
85	effect
85	carbohydrate-binding
85	archaeal
84	tobacco
84	thionin
84	opening
84	nematode
84	naming
84	embryonic
84	donor
84	convention
83	together
83	state
83	progression
83	largest
83	cytokinin-activated
83	belonging
83	2a
82	xenobiotic
82	hexosyl
82	cyclin
82	2c-related
81	synapsis
81	subtype
81	snorna
81	myosin
81	mechanism
81	insect
81	against
81	affects
80	trna-tyr
80	subunits
80	nitrogen
80	myo-inositol
80	h-like
80	basic-leucine
80	autophagy
80	aspartic-type
80	acyltransferase
80	activated
79	repeats
79	presence
79	polygalacturonase
79	desumoylation
79	cyclin-dependent
79	ccch-type
79	c2h2
79	beta-barrel
79	5'
78	saur-like
78	reproduction
78	pathogen
78	ncrna
78	carboxyl-terminal
78	armadillo
77	unsaturated
77	telomere
77	post-embryonic
77	nodulin
77	motif-containing
77	linked
77	lignin
77	female
77	aldolase-type
76	sodium
76	potentially
76	parallel
76	heterotrimeric
76	hat-like
76	hat-element
76	exchanger
76	display
76	consists
76	aminotransferase
75	exine
75	enhanced
75	double-stranded
75	aminoacyl-trna
75	1a
74	transferases
74	showed
74	metabolites
73	represents
73	pedicel
73	number
73	nad-binding
73	include
73	chloride
73	c-like
73	beta-helix
73	aspartic
72	trna-ser
72	s-transferase
72	poz-like
72	peroxidases
72	mitochondria
72	ferredoxin
72	extrusion
72	epimerase
72	energy
72	center
72	activating
71	upregulated
71	typical
71	pyruvate
71	nucleosome
71	mediates
71	heam-ligand
71	decarboxylase
71	carboxypeptidase
71	2-type
70	stems
70	sentrin
70	genome
70	distinct
70	complexes
69	surface
69	rna-directed
69	recessive
69	microtubule-based
69	higher
69	glutamine
69	abnormal
68	transposon="mudr"
68	resistant
68	plastoglobule
68	phd-finger
68	mudra
68	intra-golgi
68	insensitive
68	detected
68	confers
68	aminoacylation
67	trna-pro
67	sirna
67	metallophosphoesterase
67	kinase-related
67	induction
67	homologs
67	hexakisphosphate
67	frames
67	following
66	seven
66	prenyltransferase
66	polyamine
66	patterning
66	n-acyltransferase
66	manner
66	however
66	forming
66	esterase
66	carrying
66	assays
66	antimicrobial
66	accumulate
66	8-244
66	2b
65	uorfs
65	profile
65	phosphatidylglycerol
65	phenylpropanoid
65	beta-1
64	rnase
64	rmlc-type
64	kinesin
64	exchange
64	cupin
64	coiled-coil
64	characterized
64	arabinogalactan
64	abscission
63	ubiquitin-like
63	triglyceride
63	phorbol
63	peroxisomal
63	mechanical
63	lineage
63	hxxxd-type
63	far-red
63	controls
63	acyl-transferase
63	according
62	termination
62	solute
62	peptidyl-prolyl
62	multi
62	infection
62	glycerol
62	functionally
62	cofactor
62	closely
62	cis-trans
62	altered
62	affinity
62	1b
61	subtilisin-related
61	reservoir
61	redundantly
61	protease-associated
61	legume
61	dnaj-domain
61	dioxygenase
61	bzip-1
61	branching
60	udp-glucosyl
60	ubiquitin-conjugating
60	thought
60	suggest
60	somatic
60	responsible
60	phragmoplast
60	partially
60	microsporogenesis
60	allele
60	aging
59	uptake
59	syringae
59	secretory
59	predominantly
59	pleckstrin
59	inducible
59	had-superfamily
59	editing
59	eama-like
59	downstream
59	clathrin
59	believed
58	throughout
58	subtilisin
58	snare
58	short
58	pyridine
58	phenotypes
58	maternal
58	inorganic
58	developing
58	cyclin-related
58	cyclic
58	cobalt
58	absence
57	{brassica
57	xyloglucan
57	translocase
57	signalling
57	rwd-like
57	phosphorylated
57	phosphoprotein
57	nucleotide-sugar
57	nuclease
57	meiosis
57	endovir1-1
57	disassembly
57	delta
57	dehydration
57	dead-box
57	cotyledons
57	contain
57	appear
57	antirrhinum
56	tpr-1
56	tam1-homologous
56	superoxide
56	sequences
56	sedolisin
56	r2r3
56	pseudomonas
56	presumably
56	phosphoinositide
56	particle
56	metal-binding
56	kexin
56	gb|aag52024
56	chain-related
56	calcium-mediated
56	1|ac022456
56	12762-16371
55	promotes
55	methyl
55	mammalian
55	insertion
55	inhibition
55	factor-related
55	deubiquitination
55	coumarin
55	conversion
55	anthocyanin-containing
55	actin-binding
54	transformation
54	toroid
54	sulfate
54	subtilase
54	oxide
54	majus
54	maize
54	lethal
54	cuticle
54	carboxypeptidase-like
54	alpha-alpha
53	revealed
53	regulators
53	proteinases
53	phylogenetic
53	personal
53	light-harvesting
53	increase
53	helix
53	fingers
53	fad-dependent
53	dehydrase
53	cylases
53	clamp
53	callus
53	c3hc4-type
53	attachment
52	synergid
52	physically
52	p-type
52	mildew
52	might
52	mediating
52	influencing
52	hsp20-like
52	galactose-binding
52	fertilization
52	cupins
52	constitutive
52	causes
52	abiotic
52	-containing
51	various
51	trichoblast
51	transporting
51	terpene
51	single-stranded
51	secretion
51	rapid
51	pyrophosphate
51	proton-transporting
51	proper
51	ppr-like
51	pectic
51	necessary
51	leads
51	esterification
51	defect
50	triple
50	substance
50	six-hairpin
50	sensitivity
50	nucleoid
50	morphology
50	h-transporter
50	glycosidase-like
50	glutaredoxin
50	fertility
50	cortical
49	zygote
49	reductase-like
49	promote
49	nicotiana
49	iron-sulphur
49	impaired
49	iaa-arf-dimerisation
49	hydrolase-type
49	glycosyltransferase
49	gi|5902445|dbj|baa84458
49	extensin
49	decreased
49	cystathionine
49	affect
49	3'
48	stability
48	remodeling
48	regions
48	probably
48	oxidation-reduction
48	named
48	independent
48	glucosidase
48	elements
48	desiccation
48	deacetylase
48	curculin-like
48	c2hc
48	boundaries
48	bacterial-type
48	atpase-associated
48	amine
48	26s
47	where
47	variant
47	timing
47	start
47	patterns
47	ortholog
47	mfs-1
47	hydrolases-like
47	chaperonin
47	catalyze
47	carboxyl
47	carbon
47	birefringence-like
47	biotin
47	animal
47	analyses
46	wagner
46	volker
46	trna-leu
46	towards
46	substrates
46	scheible
46	polymers
46	phytochrome
46	physiology
46	phosphoribosyltransferase
46	phosphoenolpyruvate
46	phosphodiesterase
46	p-p-bond-hydrolysis-driven
46	nucleotide-diphospho-sugar
46	mtn21-like
46	lipoate
46	isolated
46	groes-like
46	ef1b
46	drosophila
46	directly
46	class-i
46	bischoff
46	beta-galactosidase
46	affected
45	young
45	wild-type
45	transporters
45	thiol
45	siliques
45	phosphorelay
45	partner
45	ozone
45	nitric
45	mitogen-activated
45	meristems
45	membranes
45	k+
45	heterodimerization
45	gb|aag52949
45	external
45	elevated
45	dimerization
45	basal
45	asymmetric
45	amp-dependent
45	ammonium
45	1"
45	-box
44	trna-gly
44	snf2-related
44	shape
44	s-locus
44	rattus
44	phosphotransferase
44	norvegicus
44	na+
44	mediator
44	lithium
44	lacks
44	controlling
44	beta-synthase
44	auxin-activated
44	arginine
44	addition
43	whereas
43	udp-glucose
43	truncatula]
43	transcriptionally
43	trans-membrane
43	tabacum
43	strongly
43	sterile
43	requires
43	pentacyclic
43	pathogens
43	modified
43	knottin
43	k-box
43	isoforms
43	docking
43	deficient
43	c1a
43	b3-like
43	atpase-like
43	assimilation
43	amidotransferase
43	along
43	acetyltransferase
43	accumulates
43	[medicago
42	zinc-containing
42	triterpenoid
42	thiolesterase
42	suppresses
42	receiver
42	preferentially
42	plastocyanin-like
42	malate
42	interactions
42	indole-3-acetic
42	hybrid
42	homology-type
42	hd-zip
42	glucan
42	exhibits
42	duplicated
42	chey-like
42	carboxylase
42	c6hc-type
42	aldehyde
42	acetylation
42	abc-2
41	showing
41	repression
41	organic
41	nucleotide-disulphide
41	nuclear-localized
41	multicopper
41	mitosis
41	mapped
41	knuckle
41	gdp-fucose
41	fission
41	ferric
41	epigenetic
41	embryos
41	egf-like
41	damaged
41	classii
41	cc-nbs-lrr
41	called
41	budding
41	athila4
41	approximately
41	apple-like
41	antigen
41	1-aminocyclopropane-1-carboxylate
40	ubiquitin-specific
40	ubiquitin-associated
40	twelve
40	transaminase
40	susceptibility
40	suggests
40	rosette
40	riboflavin
40	primarily
40	oxidoreduction
40	nodulin-like
40	mutase
40	multiple
40	metallopeptidase
40	homeobox-leucine
40	described
40	condensation
40	complete
40	amp-binding
40	although
40	alternative
40	alkalinization
40	activities
39	up-regulated
39	tubulin
39	trna-arg
39	translocation
39	trafficking
39	thioesterase
39	soluble
39	residue
39	plastids
39	o-fucosyltransferase
39	nucleotidyltransferase
39	napus}
39	jasmonate
39	i-like
39	hypocotyls
39	hormone-mediated
39	genetically
39	expansin
39	exostosin-like
39	exostosin
39	dominant
39	conjugating
39	complement
39	ca2+
39	b-box
38	terminal
38	screen
38	phosphoric
38	para-aminobenzoic
38	papain
38	octicosapeptide
38	modulates
38	longin-like
38	hydroxylase
38	guanine
38	endoglucanase
38	desaturase
38	daucus
38	chaperones
38	carota
38	carboxylate
38	bem1p
38	barwin-related
38	arsenic-containing
38	[pseudogene]
38	81-333
37	unique
37	tomato
37	tnp1-related
37	symbiotic
37	stromule
37	sorting
37	ref|np
37	pubmed
37	polymerases
37	pleiotropic
37	phosphoglycerate
37	pathways
37	n-acetyltransferase
37	l-ascorbic
37	intron
37	induces
37	histogenesis
37	extensin-like
37	exocytosis
37	endoglucanase-like
37	diester
37	cytokinins
37	chloroplastic
37	changes
37	c-x8-c-x5-c-x3-h
37	affecting
37	60s
36	sh3-like
36	second
36	ralf-like
36	proximal
36	prasad
36	polymerization
36	phosphatase-like
36	nad+
36	loosening
36	like-sm
36	immunity
36	hairs
36	guanyl-nucleotide
36	exocyst
36	endocytosis
36	dof-type
36	d-xylose
36	anchor
36	alleles
36	1|ac034258
36	-tetratricopeptide
35	working
35	trna-ala
35	those
35	thiolase-like
35	tapetum
35	retinaldehyde-binding
35	quercetin
35	prolyl
35	possibly
35	plastoquinone
35	o-methyltransferase
35	nucleocytoplasmic
35	mitochodrial
35	mainly
35	lacking
35	iq-domain
35	increases
35	gcn5-related
35	flavoprotein
35	finger-like
35	establishment
35	endosomal
35	effects
35	background
35	adjacent
35	"nuclear
34	steroid
34	purple
34	primordia
34	phosphatases
34	peptidyl-proline
34	pan-2
34	o-acyltransferase
34	molecules
34	microtubules
34	metalloendopeptidase
34	kende
34	i-branching
34	harvesting
34	gp|14140296|gb|aak54302
34	galactosyltransferase
34	flavin-containing
34	examined
34	diversely
34	distal
34	core-2
34	clavata3
34	avoidance
34	alpha-barrel
34	aerobic
34	6-n-acetylglucosaminyltransferase
34	20|ac034258
33	uba-like
33	trna-val
33	trna-lys
33	trichomes
33	translocon
33	topoisomerase
33	tolb-like
33	strong
33	strand
33	snrnp
33	six-bladed
33	sites
33	rotational
33	release
33	quinone
33	pseudouridine
33	pre-mrna
33	postreplication
33	phototropic-responsive
33	paralog
33	overlapping
33	nudix
33	nucleotide-binding-like
33	karyogamy
33	indicating
33	green
33	gamete
33	endotransglucosylase
33	endo-transglycosylase
33	co-chaperones
33	closure
33	cathepsin
33	bundle
33	beta-grasp
33	2"
32	xanthine
32	temporary
32	sphingoid
32	space
32	sativa}
32	reticulon
32	resulting
32	ras-related
32	produce
32	multigene
32	malectin
32	isopenicillin
32	implicated
32	homozygous
32	glucosyltransferase
32	germin
32	extrinsic
32	exclusively
32	deficiency
32	cyclases
32	class-ii
32	clade
32	bromodomain
32	among
32	5-bisphosphate
32	3'-5'
31	uracil
31	udp-galactose
31	translocator
31	syntaxin
31	sphingolipid
31	s-adenosylmethionine-dependent
31	represses
31	posttranscriptional
31	n-methyltransferase
31	knockout
31	highest
31	gata-type
31	esr-related
31	cyclophilin-type
31	cyclophilin-like
31	contributes
31	content
31	complements
31	clusters
31	assignment
31	adenosine
31	across
30	uridine
30	trehalose
30	sufficient
30	subtilisin-like
30	squalene
30	reductase-type
30	reduces
30	ranbp2-type
30	primordium
30	positively
30	plc-like
30	participate
30	parasitica
30	n-acyltransferases
30	monovalent
30	methylated
30	methylase
30	membrane-associated
30	isoprenoid
30	hopscotch
30	high-affinity
30	gynoecium
30	glycosylase
30	glycolysis
30	eukaryota
30	enhances
30	ef1a
30	delayed
30	cystatin
30	catalyzing
30	capable
30	associates
30	assay
30	another
30	-type
30	-tetraphosphatase
29	winged-helix
29	willebrand
29	types
29	tudor-like
29	trna-ile
29	trna-asp
29	toll-interleukin-resistance
29	threonine-specific
29	storekeeper
29	salvage
29	prpol
29	plastidic
29	petiole
29	nadp+
29	monooxygenase-like
29	mobility
29	membrane-bounded
29	megagametogenesis
29	layer
29	immunoglobulin
29	gated
29	expressing
29	epidermis
29	direct
29	critical
29	covalent
29	constitutively
29	common
29	classified
29	choline
29	cbl-interacting
29	cauline
29	cassette
29	beta-lactamase-inhibitor
29	atypical
29	aquaporin
29	activates
29	acidic
28	without
28	tudor
28	transposon="shooter"
28	transgenic
28	t-dna
28	signals
28	sec14p-like
28	ring-h2
28	rapidly
28	protein-tyrosine
28	promoting
28	phosphatidic
28	overexpressing
28	observed
28	mannitol
28	machinery
28	junction
28	intermediate
28	hydratase
28	fasciclin-like
28	e-set
28	dehiscence
28	coatomer
28	clock
28	casein
28	branched
28	branch
28	agenet
28	additional
28	aberrant
27	zinc-finger
27	yellow
27	xyloglucosyl
27	variety
27	trna-met
27	trimeric
27	subcomplex
27	significantly
27	shorter
27	sensor
27	senescence-associated
27	scr-like
27	ring-ch-type
27	resistance-responsive
27	pyrophosphatase
27	preference
27	portion
27	phosphorylative
27	phosphoribosyl
27	periphery
27	nf-y
27	monellin
27	markers
27	hydrolysis
27	galacturonosyltransferase
27	eukarya
27	enhancer
27	dwarf
27	dnase
27	dirigent-like
27	cuticular
27	cation-transporter
27	berberine-like
27	berberine
27	automated
27	ascorbate
27	anthers
27	amphipathic
27	adenylyltransferase
27	ability
27	a-b
27	5-nucleosyl
27	3-
27	281-442
27	-atpase
26	walls
26	ubiquitously
26	trna-thr
26	t-snare
26	suppression
26	subcellular
26	stack
26	speck
26	roles
26	resulted
26	rab11-related
26	pumilio
26	produces
26	polyadenylation
26	pectate
26	nucleotidyl
26	multidrug
26	maternally
26	lower
26	loss-of-function
26	long-day
26	ligands
26	hydrolase-like
26	hsr1-related
26	heterochromatin
26	glycosidase
26	gb|aao73529
26	flavin
26	evolving
26	downregulated
26	derivatives
26	decrease
26	coactivator
26	chitinase
26	c-terminus
26	boundary
26	bound
26	being
26	arabinogalactan-protein
26	amballergen
26	agrobacterium-mediated
26	20s
26	2-layer
25	while
25	uncharacterized
25	trna-glu
25	transcriptases
25	tonoplast
25	threonine-type
25	terminus
25	sulphate
25	succinate
25	stabilization
25	smaller
25	significant
25	shoots
25	share
25	shade
25	presequence
25	prenyltransferases
25	polygalacturonate
25	plasma-membrane
25	planta
25	phosphatidylcholine
25	oxylipin
25	one-carbon
25	nuclei
25	mammals
25	maintaining
25	includes
25	guidance
25	flavonol
25	fkbp-type
25	dhhc-type
25	cytidine
25	could
25	converted
25	comosus
25	beta-fructofuranosidase
25	asparagine
25	archaea-type
25	anticodon-binding
25	ananas
25	aminopeptidase
25	aldolase
25	adp-ribosylation
25	4-alpha-galacturonosyltransferase
25	3-o-glucosyltransferase
25	1|af525305
24	utilization
24	trypsin
24	thaumatin
24	tcp-1
24	tbp-associated
24	synthases
24	syncytium
24	suppressed
24	studies
24	splice
24	self-association
24	rotundifolia
24	rna-dependent
24	reported
24	receptor-related
24	range
24	prenylated
24	powdery
24	phosphorylates
24	p-glycoprotein
24	oligosaccharide
24	n-terminus
24	microsomal
24	medium
24	marker
24	longer
24	ligases
24	later
24	isomerase-like
24	imprinted
24	homodimeric
24	heterodimers
24	gp|21952510|gb|aam82604
24	glucosinolates
24	flavin-binding
24	ferredoxin-type
24	epsin-like
24	enzymatic
24	ecotype
24	derivative
24	decarboxylating
24	cys-rich
24	copper-binding
24	checkpoint
24	beta-hydroxylase
24	beta-glucosidase
24	basipetal
24	animals
24	aluminum
24	actin-like
24	abundance
24	3-ketoacyl-coa
24	2|af525305
24	172-336
23	voltage-gated
23	tumour
23	thiamin
23	testa
23	sulfotransferase
23	stromal
23	snf1-related
23	restricted
23	resistance-associated
23	receptors
23	rabgap
23	rab-gap
23	previously
23	preprophase
23	phenylalanine
23	participates
23	organisms
23	nucleoplasm
23	nuclear-encoded
23	neutral
23	nadh-ubiquinone
23	mother
23	molybdopterin
23	molybdenum
23	metallo-phosphoesterase
23	lpxa-like
23	jumonji
23	ionizing
23	indole
23	hydroxylation
23	gyp1p
23	fragment
23	fold-3
23	epoxide
23	epimorphin
23	codon
23	co-localizes
23	chromosomes
23	calcineurin-like
23	base-excision
23	barley
23	aminotransferase-like
23	6-phosphogluconate
23	5-kinase
23	5&apos
23	4-kinase
23	3b
23	3"
23	2+
23	-linked
22	wall-associated
22	voltage-dependent
22	vlcfa
22	vesicles
22	very-long-chain
22	unlike
22	trisphosphate
22	transparent
22	traf-type
22	tpx-1
22	though
22	swim-type
22	susceptible
22	suppress
22	steps
22	sorting-associated
22	sexual
22	scp-like
22	pyrophosphorylase
22	pyridoxal-phosphate-binding
22	prokaryotic
22	possible
22	period
22	peptides
22	ovate
22	normally
22	non-coding
22	non-catalytic
22	mosaic
22	modulated
22	mobile
22	microtubule-associated
22	methyl-cpg-binding
22	leucine-zipper
22	leading
22	laccase
22	juvenile
22	isomerization
22	gtpases
22	glutaredoxin-like
22	dolichol
22	disruption
22	displays
22	deaminase
22	cystatin-related
22	correct
22	compared
22	ch-oh
22	caused
22	catabolism
22	association
22	arginine-rich
22	amidohydrolase
22	alpha-subunit
22	alpha-1
22	agamous
22	adenylate
22	3-oxoacyl-[acyl-carrier-protein
22	2fe-2s
22	1c
21	~voytas
21	whole
21	voytas
21	trehalose-phosphatase
21	tetraspanin
21	tetrapyrrole
21	stresses
21	stimuli
21	sterility
21	spliceosomal
21	solute-binding
21	snare-like
21	sigma
21	rna-binding-like
21	rhodanese-like
21	responsiveness
21	referred
21	redundancy
21	public
21	prefoldin
21	position
21	plasmodesmata
21	peronospora
21	ovules
21	model
21	light-dependent
21	ligand-binding
21	isopropylmalate
21	isocitrate
21	indicates
21	iastate
21	homeobox-associated
21	histidinol
21	helicase-associated
21	growing
21	glyoxalase
21	glycerol-3-phosphate
21	geranylgeranyl
21	generate
21	experiments
21	excision
21	endoribonuclease
21	dbj|baa78425
21	cyclophilin
21	coordinates
21	complementation
21	clade-1
21	chorismate
21	bromo
21	because
21	avirulence
21	antagonistic
21	anaerobic
21	accessory
21	4-hydroxylase
21	3&apos
20	viral
20	viability
20	trypsin-like
20	truncated
20	toward
20	telomeric
20	synthetases
20	sumoylation
20	spermidine
20	slightly
20	skp1-like
20	silique
20	signature
20	separate
20	rubisco
20	retrograde
20	repress
20	reducing
20	q9si25
20	pri-mrna
20	phosphatidylinositol-specific
20	peptide-binding
20	overall
20	multihelical
20	mrnas
20	mirna*
20	ligand-gated
20	leafy
20	ionotropic
20	involvement
20	inhibits
20	having
20	h2a
20	grouped
20	grains
20	glutamate-like
20	glucoside
20	gi|2443320|dbj|baa22288
20	formin
20	forkhead-associated
20	folic
20	filaments
20	ferredoxin-like
20	escrt
20	erecta
20	endogenous
20	ectopic
20	early-responsive
20	dividing
20	divergent
20	directed
20	derived
20	deletion
20	crucial
20	crotonase
20	copies
20	converts
20	construct
20	columella
20	clades
20	citrate
20	carbonic
20	carbon-nitrogen
20	beta-subunit
20	autoregulatory
20	australiensis
20	at-hook
20	arsenate
20	arf-like
20	anthranilate
20	anhydrase
20	alpha-helical
20	alkyl
20	alkaline
20	acetate
20	181-349
20	14-3-3
19	y2h
19	udp-glucuronate
19	two-component
19	trna-gln
19	trna-asn
19	toxic
19	topological
19	thiamine
19	tfiis
19	tandem
19	stress-inducible
19	shares
19	seems
19	rhodanese
19	restriction
19	rectifier
19	reactions
19	radial
19	post-set
19	polyphosphate
19	pmz-type
19	phosphatidylinositol-4-phosphate
19	pearli
19	partial
19	oxidoreductases
19	minor
19	metalloenzyme
19	limited
19	inhibited
19	indicate
19	glucose-6-phosphate
19	gb|aao73527
19	fumarate
19	ferritin
19	exists
19	epsilon
19	e2f
19	duplication
19	differentially
19	differential
19	develop
19	dbj|baa78426
19	cytochrome-c
19	cyp705a
19	controlled
19	columbia
19	coding
19	chloroplast-localized
19	ch-ch
19	catalytics
19	caseinolytic
19	bodies
19	atre2-1
19	atp-grasp
19	aluminium
19	allelic
19	alanine
19	adp-ribose
19	aba-dependent
19	1->3
19	-methyltransferase
18	{nicotiana
18	weight
18	weakly
18	voltage
18	virulent
18	tubes
18	tricarboxylic
18	transit
18	thermotolerance
18	synaptobrevin
18	switch
18	suspensor
18	substrate-binding
18	structurally
18	sra-ydg
18	severely
18	respectively
18	recombinant
18	promoters
18	polyprenyl
18	phosphotriesterase
18	phospholipase-like
18	phosphoacceptor
18	phosphatidate
18	pfkb-like
18	particularly
18	oleosin
18	nucleotide-excision
18	monosaccharide
18	metabolite
18	little
18	least
18	lambda-like
18	intramolecular
18	intercellular
18	integument
18	integrase
18	indeterminate
18	his-rich
18	helicases
18	h3-k4
18	h2o2
18	grown
18	gb|aal06421
18	far1-related
18	evolutionarily
18	elongated
18	diphosphatase
18	determinacy
18	defensin
18	deacetylation
18	cyanobacteria
18	cutin
18	chiasma
18	channels
18	chalcone
18	cationic
18	carbonate
18	botrytis
18	beta-sandwich
18	barta
18	b-3
18	auxotrophs
18	aterf-2
18	antioxidant
18	amount
18	aminotransferases
18	agc-kinase
18	absentia
18	absent
18	50%
18	37%
18	2-like
18	1|af378079
18	-beta-d-glucan
17	zf-hd
17	wuschel
17	vacuoles
17	undergoes
17	trna-phe
17	triad
17	synthetase-related
17	sulfoxide
17	squamosa
17	split
17	snrna
17	seven-in-absentia
17	serpin
17	scaffold
17	sbp-box
17	saliva-related
17	salicylate
17	s-nitrosylation
17	s-adenosylmethionine
17	rotamase
17	repressed
17	removal
17	remorin
17	regionalization
17	rag1-activating
17	raffinose
17	puine
17	protein-protein
17	protein-1-related
17	porphyrin
17	polycomb
17	pigment
17	phylogenetically
17	phototransduction
17	phosphatidylinositol-4
17	peroxin
17	peptidase-like
17	p21-rho-binding
17	over-expression
17	ornithine
17	occurs
17	non-atpase
17	mucilage
17	morphological
17	monophosphate
17	methyl-cpg
17	lipoyl
17	importin
17	histone-lysine
17	heterodimer
17	helicase-type
17	h2b
17	glabrous
17	germline-specific
17	g-box
17	fkbp-like
17	feedback
17	enlarged
17	efficient
17	dynamin
17	deoxycytidylate
17	deaminase-like
17	darkness
17	cortex
17	composition
17	combination
17	chemical
17	characteristic
17	chains
17	cerevisiae
17	carriers
17	capping
17	camp-dependent
17	calcineurin
17	b6f
17	b-1
17	axillary
17	aterf-5
17	aterf-1
17	annotated
17	alpha-expansin
17	adp-glucose
17	acetylglucosaminyltransferase
17	abc-1
17	a-4
17	7-o-glucosyltransferase
17	5-phosphatase
17	4fe-4s
17	2-oxoglutarate-dependent
17	&#946
16	zz-type
16	xylosyltransferase
16	vesicle-associated
16	uridylate
16	unfertilized
16	therefore
16	synergistically
16	subclass
16	strictosidine
16	signalosome
16	siah-type
16	severe
16	sensing
16	sadhu
16	s-adenosyl-l-methionine
16	ribulose-phosphate
16	rhomboid-like
16	rhomboid
16	receptor-associated
16	protection
16	probable
16	petals
16	perception
16	peptidyl-cysteine
16	pak-box
16	pad-1
16	oxidase-like
16	overexpressed
16	outward
16	oligopeptidase
16	o-acyl
16	nucleoporin
16	mutated
16	monolayer-surrounded
16	modulate
16	modifier
16	mismatch
16	microgametogenesis
16	metal-dependent
16	melanogaster
16	mboat
16	maintain
16	longin
16	linear
16	lignan
16	lesions
16	lamina
16	immunoglobulin-like
16	homologues
16	homolog-type
16	heme-binding
16	gravity
16	gene-dependent
16	g-patch
16	fluorescence
16	exposure
16	exogenous
16	endo-1
16	e1-e2
16	divisions
16	distribution
16	determined
16	cytosine
16	cytidylyltransferase
16	corresponding
16	composed
16	colocalizes
16	close
16	cinnamyl-alcohol
16	centre
16	ccaat-binding
16	candida
16	camalexin
16	calponin-like
16	calponin-homology
16	calcium-transporting
16	broad
16	brassinosteroids
16	branched-chain
16	beta-barrel-like
16	b-
16	analogous
16	albino
16	adaptin-like
16	acropetal
16	[oryza
16	[2fe-2s]
16	4a
16	4-epimerase
16	1-1338
16	-domain
15	{phaseolus
15	widely
15	unwinding
15	unnamed
15	tunicamycin
15	trna-trp
15	trna-cys
15	trf-like
15	tir-nbs
15	tfiib
15	tetrahydrofolate
15	tdca1-orf1-orf2
15	suppressor-of-white-apricot
15	sulphoxide
15	sub-group
15	spliced
15	seven-transmembrane
15	separation
15	rna-processing
15	rescue
15	represent
15	rectifying
15	radical
15	q9skl7
15	prone
15	products
15	preventing
15	pre-set
15	pr-14
15	possesses
15	polynucleotide
15	polarized
15	phototropism
15	photomorphogenic
15	phosphorylate
15	phosphohydrolase
15	phosphofructokinase
15	peroxisomes
15	pekinensis]
15	pdi-like
15	oxysterol
15	nucleotide-gated
15	nucleophile
15	non-intrinsic
15	nmra-like
15	mlo-related
15	mg2+
15	mevalonate
15	methyltransferase-16
15	lysophospholipase
15	leucyl
15	landsberg
15	lactose
15	lactate
15	l-rhamnose
15	kip1-like
15	itself
15	interactor
15	ii-like
15	hypersensitivity
15	hydroxysteroid
15	homeotic
15	gpi-anchored
15	glyoxylate
15	glucose-1-phosphate
15	global
15	germin-like
15	genomic
15	fyve-type
15	fyve-related
15	followed
15	fibrillin
15	fatty-acyl-coa
15	extra
15	expected
15	exoribonuclease
15	exist
15	except
15	ethylene-dependent
15	er-nucleus
15	en-like
15	elongator
15	efficiency
15	dual-specific
15	dismutase
15	developmentally
15	dessication
15	demonstrated
15	degraded
15	defence
15	deah-box
15	de-etiolation
15	dbj|bab64937
15	d-galactoside
15	cysteine-containing
15	cucumber
15	conjugates
15	conductance
15	co-function
15	closely-related
15	classes
15	cinerea
15	cgmp-dependent
15	carbohydrate-binding-like
15	carbamoyl
15	bromodomain-containing
15	breakdown
15	beta-lactamase-like
15	atmlo
15	ariadne
15	arf-gap
15	anatomical
15	anaphase
15	aminohydrolases
15	alpha-amylase
15	albicans
15	actin-related
15	accession
15	abnormalities
15	a-5
15	5b
15	45%
15	40%
15	4"
15	33%
15	3-dehydrogenase
15	3-9
15	23-182
15	1-phosphatidylinositol-4-phosphate
15	-5&apos
14	{lycopersicon
14	{citrus
14	xanthophyll
14	wound-responsive
14	vulgaris}
14	vesicular
14	vasculature
14	universal
14	udp-n-acetylglucosamine
14	toerance
14	third
14	thif-type
14	tfiid
14	tabacum}
14	synthesized
14	support
14	stomata
14	stable
14	spontaneous
14	spermine
14	shikimate
14	serve
14	serine-rich
14	second-messenger-mediated
14	rwp-rk
14	rpm1-interacting
14	ropgef
14	recycling
14	rather
14	pyrophosphate-dependent
14	pyr1-like
14	proteolytic
14	proteases
14	prephenate
14	plastid-localized
14	phosphorus-containing
14	phosphoribulokinase
14	phosphoinositide-binding
14	phosphodiesterases
14	peripheral
14	peptidoglycan-binding
14	organizing
14	organelles
14	orf-1
14	oomycetes
14	oligomerisation
14	necrotrophic
14	nadph-dependent
14	microspores
14	lipooxygenase
14	lipid-associated
14	light-induced
14	layers
14	l10e
14	l-serine
14	knock-out
14	inducers
14	imprinting
14	importin-beta
14	imported
14	imbibition
14	i>
14	hydrolyzes
14	hydrolase-related
14	hin1-like
14	helix-hairpin-helix
14	haloperoxidase
14	gyrase
14	glycogen
14	glyceraldehyde-3-phosphate
14	glucuronosyltransferase
14	gene's
14	genbank
14	gelsolin
14	gat-like
14	fully
14	fucosyltransferase
14	folate
14	fixation
14	fe-s
14	extension
14	excess
14	event
14	especially
14	elicitor
14	dilute
14	dicer
14	di-
14	depolymerization
14	decarboxylation
14	d-ribose
14	cop1-interacting
14	confer
14	condensation-like
14	cleave
14	chromo
14	cellularization
14	carotene
14	bundles
14	brassinolide
14	before
14	b-binding
14	autoregulation
14	autophagy-related
14	attack
14	atp-hydrolyzing
14	aterf-7
14	aterf-4
14	aspects
14	argonaute
14	anaphase-promoting
14	an1-type
14	an1-like
14	ammonia
14	amidotransferase-like
14	aliminium
14	activate
14	accelerated
14	about
14	6a
14	57%
14	4b
14	43%
14	38%
14	3-chloroallyl
14	3'-end
14	-s-oxide
13	wound-induced
13	tyrosine-phosphorylated
13	tolerant
13	teosinte
13	temperature-sensitive
13	tagged
13	symbiont
13	sub-type
13	small-subunit
13	skotomorphogenesis
13	singlet
13	similarities
13	shuttle
13	sepals
13	sensors
13	s1c
13	require
13	reductase-related
13	rapa}
13	q9shn7
13	prior
13	porphyrin-containing
13	point
13	plastidial
13	plastid-lipid
13	physiological
13	photoreceptor
13	phosphopantetheine
13	phosphoesterase
13	pectinacetylesterase
13	patatin
13	parts
13	oxysterol-binding
13	nitrile
13	nicotianamine
13	niche
13	myosin-like
13	mutator
13	multivesicular
13	monophosphatase
13	mo-molybdopterin
13	microsome
13	lipid-sensing
13	lim-type
13	lesion
13	l30e
13	l-phenylalanine
13	l-methionine
13	kpp-like
13	inward
13	integration
13	inositol-1
13	inhibitory
13	inhibitors
13	inducing
13	homology-like
13	hhh-gpd
13	gtp-bound
13	gradient
13	glycolipid
13	glycerophosphoryl
13	glycerophosphodiester
13	gi|4996363|dbj|baa78424
13	gibberellin-regulated
13	further
13	families
13	fad-linked
13	factor-like
13	facilitates
13	express
13	environmental
13	electrons
13	downy
13	distorted
13	dimer
13	diaminopimelate
13	despite
13	ddb1a
13	d-isomer
13	cyanide
13	cw-type
13	cultures
13	crystallin
13	coupling
13	cora-like
13	constructs
13	conjugate
13	condition
13	completely
13	cofilin
13	clone
13	chymotrypsin
13	cellulase
13	cell-cycle
13	cause
13	carboxyesterase
13	bromo-adjacent
13	binding-like
13	belong
13	bel1-like
13	b-type
13	avirulent
13	atpases
13	aterf-3
13	arrested
13	around
13	arabinose
13	amidase
13	alters
13	alternatively
13	alkaloid
13	aldehydes
13	adrenodoxin
13	aba-responsive
13	80c09
13	70%
13	50s
13	450-633
13	4-coumarate-coa
13	34%
13	30%
13	2cs
13	2-hydroxyacid
13	1-1
12	wsd1-like
12	veins
12	variation
12	uncoating
12	unable
12	tyrosine-sulfated
12	two-hybrid
12	turnover
12	ttf-type
12	tropomyosin
12	transverse
12	transphosphatidylase
12	transketolase-like
12	transient
12	transgene
12	transcribed
12	tm9sf
12	telomerase
12	t-complex
12	survival
12	stimulates
12	snornp
12	sirnas
12	sin3-like
12	short-day
12	semi-dominant
12	selenium
12	s26a
12	s12e
12	s-ribonuclease
12	ribulose
12	ribose
12	rhythms
12	retinaldehyde
12	remains
12	reduce
12	racemase
12	r2r3-myb
12	quenching
12	q9s9l6
12	q9s9l1
12	pyrimidine-binding
12	pyridoxal-phosphate
12	pyrabactin
12	putatively
12	protoplasts
12	proton-efflux
12	produced
12	processome
12	premature
12	potato
12	postulated
12	platz
12	phosphotyrosine
12	phosphorylase
12	phospholipid-translocating
12	phosphatidylinositol-3
12	phosphatidylethanolamine
12	ovarian
12	otubain
12	originally
12	organogenesis
12	nucleotidase
12	nonaspanin
12	non-ionic
12	nitrogenous
12	neddylation
12	nascent
12	myrosinase-binding
12	mynd-type
12	modulator
12	mlp-like
12	mismatched
12	minichromosome
12	membrane-localized
12	mechanosensitive
12	maturity
12	longitudinal
12	limiting
12	lactoylglutathione
12	l7ae
12	l-aspartate
12	journal
12	jasmonate-zim-domain
12	internal
12	intermembrane
12	interfering
12	inositol-anchored
12	indole-3-acetate
12	independently
12	ii-c
12	if2gamma
12	hydroperoxide
12	hexose
12	heterozygous
12	heterologous
12	heterochronic
12	hedgehog
12	h3k4me3
12	h3k4
12	gp25l
12	golgi-localized
12	glycosylated
12	glycosyl-phosphatidyl
12	glutamyl-trna
12	glucose-methanol-choline
12	gene-independent
12	gb|aal06422
12	gb|aag52950
12	gametophytic
12	functioning
12	fraction
12	flippase
12	final
12	fcp1-like
12	eukaryotic-type
12	environment
12	entry
12	enriched
12	endocytic
12	dynein
12	domon
12	dithiothreitol
12	displayed
12	diphosphokinase
12	desulfurase
12	depolymerizing
12	depends
12	delay
12	cyp96a
12	cycloidea
12	culture
12	cul4-based
12	contrast
12	condensed
12	concentrations
12	compartment
12	cobra-like
12	coating
12	clearly
12	chloroplast-targeted
12	chain-like
12	centromeric
12	candidate
12	calponin
12	calmodulin-like
12	c-5
12	branches
12	beta-type
12	beta-mercaptoethanol
12	beta-glucanase
12	b-like
12	b-6
12	autonomous
12	attached
12	apparent
12	antisigma-factor
12	antenna
12	antagonist
12	anhydrides
12	alpha-tocopherol
12	alkane
12	aerial
12	activators
12	action
12	acid-containing
12	acetyl
12	aaa-2
12	5a
12	5'-3'
12	48%
12	44%
12	3a
12	39%
12	322-461
12	3-like
12	3-beta-glucan
12	3-beta-d-glucan
12	2og-fe
12	233-373
12	206-367
12	1|af378081
11	xenopus
11	white
11	variable
11	unstable
11	tumor
11	tubby
11	transketolase
11	transglycosylase-like
11	trans-acting
11	thereby
11	tested
11	syncytia
11	synaptonemal
11	swirm
11	surrounding
11	suggested
11	subset
11	subsequent
11	subfamilies
11	strains
11	srp-dependent
11	sphingosine
11	soybean
11	simple
11	sialophosphoprotein-related
11	shi-related
11	scarecrow-like
11	sar1-type
11	s26c
11	s26b
11	rop-interactive
11	ribonucleoside
11	ribokinase
11	retroviral-type
11	retention
11	replace
11	recoverin
11	ratio
11	rate-limiting
11	radicals
11	rac-like
11	quiescent
11	pyrophosphohydrolase
11	provides
11	provide
11	protein1
11	producing
11	procambium
11	pp2c
11	pp2a
11	polyubiquitin
11	pmca-type
11	photoinhibition
11	peptidoglycan
11	peptide-methionine-
11	peptide-methionine
11	orthologue
11	orthologs
11	o-acetyltransferase
11	numbers
11	newly
11	nematode-induced
11	nac-domain
11	mutarotase-like
11	mss4-like
11	moves
11	monomer
11	missing
11	microspore
11	metalloexopeptidase
11	mesophyll
11	membrane-bound
11	malic
11	maintains
11	maculicola
11	lytic
11	lysin
11	loader
11	lipoyl-binding
11	lipoxygenase
11	light-grown
11	l34e
11	l-ascorbate
11	kinetochore
11	irregular
11	ionic
11	introns
11	initial
11	influx
11	influences
11	hydroxymethyltransferase
11	hybridization
11	humans
11	holoenzyme
11	herbicide
11	group-related
11	grf-type
11	glutamine-hydrolyzing
11	gi|4996361|dbj|baa78423
11	generating
11	gdp-mannose
11	gb|aal06419
11	frequency
11	formed
11	fewer
11	fermentation
11	ethylene-responsive
11	esters
11	esculentum}
11	elongating
11	eif-4
11	ecotypes
11	dreb2a
11	dihydrolipoamide
11	detectable
11	dentin
11	della
11	cyclohydrolase
11	ctc-interacting
11	cross-linking
11	cotranslational
11	correlated
11	context
11	consisting
11	consistent
11	cold-regulated
11	col-0
11	clp-n
11	cis-golgi
11	chloroplast-encoded
11	chaperonin-binding
11	carnitine
11	capacity
11	cannot
11	bypass
11	breast
11	block
11	bleomycin
11	auxin-induced
11	autoubiquitination
11	autoinhibited
11	associate
11	archaeosine
11	antipodal
11	anisotropic
11	allantoin
11	alkaline-phosphatase-like
11	aldose
11	aldo-keto
11	aaa-atpase
11	a1d
11	6-like
11	41%
11	4-hydroxy-l-proline
11	35s
11	31%
11	3-isopropylmalate
11	3-glucanase
11	3'-5'-exoribonuclease
11	203-375
11	2-related
11	2-oxo
11	1|af378075
11	1-epimerase
11	1-acylhydrolase
10	x-ray
10	version
10	valyl
10	undecaprenyl
10	udp-forming
10	ubp-type
10	u1-type
10	trunk
10	trna-his
10	trimethylated
10	treatments
10	transposases
10	transferase-like
10	thickening
10	tetrapeptide
10	tethering
10	temperatures
10	taz-type
10	syndrome
10	suppressors
10	suberin
10	stigma
10	stele
10	ssu-rrna
10	sinapic
10	shaggy-like
10	serves
10	serrated
10	senescing
10	semi-glaucous
10	self-renewal
10	sec24-type
10	sapiens
10	s-methyltransferase
10	s-ii
10	reveal
10	retrovirus
10	retrofit
10	recovery
10	q9sl18
10	pyruvate-ferredoxin
10	pyridoxine
10	pseudo-response
10	prophase
10	promotion
10	promoter-binding
10	prevents
10	preprotein
10	polysaccharides
10	polyadenylate-binding
10	plasmodesmal
10	phytosulfokine
10	phosphotransfer
10	phospholipids
10	phenotypic
10	phagocytosis
10	peroxiredoxin
10	pavement
10	patatin-like
10	papd-like
10	p-phosphate-binding
10	oxidases
10	oxaloacetate
10	others
10	orientation
10	non-specific
10	non-consensus
10	nod26-like
10	nadh-quinone
10	nad-linked
10	n-acetylglucosamine
10	multifunctional
10	motility
10	modulating
10	modifies
10	metallo-beta-lactamase
10	maturase
10	mannose
10	macrophage
10	lupus
10	lsu-rrna
10	longistaminata
10	light-regulated
10	larger
10	l5e
10	l18p
10	l18ae
10	l-lactate
10	kinesin-related
10	isomerases
10	isoleucyl-trna
10	iron-sulpur
10	interphase
10	integrity
10	insulinase
10	initially
10	iii-like
10	hyaloperonospora
10	hsp90-like
10	homooligomerization
10	hence
10	hd-zipiii
10	glyoxal
10	glutamine-leucine-glutamine
10	gb|aao73521
10	gamma-glutamyl
10	frigida-like
10	fitness
10	fifth
10	farnesyltranstransferase
10	f-actin
10	exporter
10	exhibited
10	events
10	establishing
10	enhance
10	elongase
10	earlier
10	distantly
10	disrupted
10	directs
10	dicarboxylate
10	di-trans-poly-cis-decaprenylcistransferase-like
10	determinant
10	designated
10	demethylation
10	delivery
10	dehydrogenases
10	dehydrin
10	degrading
10	cytosine-specific
10	cyclosome
10	cryptochrome
10	copii
10	contribute
10	continuous
10	constans-like
10	committed
10	co-factor
10	cinnamoyl-coa
10	chlororespiratory
10	chitin-binding
10	caspase
10	carboxyltransferase
10	cajal
10	ca-binding
10	c-activating
10	bright
10	blocked
10	bisphosphate
10	beta-amylase
10	bed-type
10	becomes
10	auxin-mediated
10	authors
10	atmrk
10	athsp101
10	athb-15
10	aquaporin-like
10	apobec
10	amino-terminal
10	almost
10	adult
10	actively
10	acid-coa
10	abundantly
10	abnormally
10	aba-
10	a20-type
10	a-2
10	a-1
10	8"
10	70-1
10	6b
10	61%
10	53%
10	52%
10	5"
10	4-dehydrogenase
10	349-510
10	2'
10	14-257
10	&#945
9	{solanum
9	{arabidopsis
9	wuschel-related
9	volatile
9	valine
9	v-snare
9	ureide
9	udp-xylose
9	udp-3-o-acyl
9	twin-arginine
9	triterpene
9	triple-a
9	trimethylation
9	triggered
9	tricistronic
9	transports
9	transported
9	transport-related
9	trans
9	torpedo
9	tlplfpmh
9	thaumatin-like
9	thaliana}
9	tc1-element
9	tapetal
9	tailless
9	synaptojanin
9	swollen
9	sweet
9	surfeit
9	sulphur
9	sulfite
9	sucrose-proton
9	succinyl-coa
9	strubbelig-receptor
9	stripe
9	stress-responsive
9	strain
9	stabilizes
9	spm-like
9	spatial
9	sieve
9	shared
9	shaker
9	septum
9	sec1-like
9	scorpion
9	saturated
9	sae1-s9-protein
9	saccharomyces
9	ryanodine
9	rt-pcr
9	rrm-rbd-rnp
9	rosettes
9	rieske
9	rhogap
9	retromer
9	responding
9	resolution
9	repressor-like
9	reflects
9	refer
9	reductive
9	ras-group-related
9	quinoprotein
9	q9zqm3
9	q9slm0
9	q9sjr8
9	pyrophosphokinase
9	purified
9	proliferating
9	profilin
9	proanthocyanidin
9	presenilin
9	preferred
9	preatp-grasp-like
9	pppde
9	porin
9	plp-dependent
9	pleckstrin-like
9	plasmodesmata-mediated
9	pirls
9	phytoene
9	phox-like
9	photorespiratory
9	phosphotransferases
9	phosphorylating
9	phosphorolytic
9	phosphopantetheine-binding
9	phosphoinositol-specific
9	phosphoglyceride
9	phosphogluconate
9	petioles
9	pericycle
9	paternally
9	pantothenate
9	oxidase-related
9	obvious
9	nop2p
9	nonphotochemical
9	non-race
9	nitrilase
9	nine-cis-epoxycarotenoid
9	nickel
9	napus]
9	n3-terminal
9	n-glycosylase
9	multiplication
9	mouse
9	mono-
9	module
9	mitotic-specific
9	mif4g-like
9	microbial
9	methylthioadenosine
9	metalloprotease
9	metallo-hydrolase
9	metacaspase
9	meristematic
9	mei2-like
9	md-2-related
9	mariner-like
9	mariner
9	lipopolysaccharide-modifying
9	lipids
9	lipid-recognition
9	linker
9	linkage
9	lilium
9	letters
9	lambda
9	l-aspartase-like
9	kinesin-like
9	kinase-
9	isopentenyltransferase
9	isomer
9	inwardly
9	internodes
9	intermediates
9	interleukin-1
9	interconversion
9	intein
9	innermost
9	induce
9	indicated
9	increasing
9	impairs
9	impa-4
9	hydro-lyase
9	hours
9	hook-like
9	homodimer
9	hmg-box
9	hly-iii
9	hit-type
9	histones
9	hexapeptide
9	henryi
9	helices
9	heavy-metal-associated
9	heart
9	h-type
9	h+-atpase
9	guanylyltransferase
9	growth-regulating
9	gravitropic
9	gp|4760708|dbj|baa77394
9	gp|20279456|gb|aam18736
9	gibberellins
9	gamma-aminobutyric
9	gained
9	fructose-bisphosphate
9	forward
9	fluorescently-tagged
9	fluence
9	flavoprotein-like
9	flavodoxin
9	facilitate
9	extracts
9	extent
9	establish
9	erysiphe
9	epsin
9	enoyl-coa
9	endodermis
9	efficiently
9	drought-induced
9	domon-like
9	dissociation
9	disorganized
9	dimethylallyltransferase
9	dihydroflavonol
9	determining
9	density
9	demethylase
9	del1-46
9	degree
9	decreases
9	cs-like
9	covalently
9	counterparts
9	corresponds
9	copine
9	constant
9	concert
9	comparison
9	cobalamin
9	clps-like
9	class-iii
9	chp-rich
9	ceramide
9	centromere
9	causing
9	cauliflower
9	cap10-like
9	calmodulin-domain
9	c19-related
9	c-type
9	bridging
9	bisphosphoglycerate
9	biopterin
9	biology
9	beta-xylosidase
9	b-cell
9	availability
9	athb-8
9	atbzip60
9	ataxin-2
9	ase1-type
9	array
9	architecture
9	application
9	appendage
9	apolipoprotein
9	amplifying
9	ammonia-lyase
9	always
9	alterations
9	alpha-mannosidase
9	alpha-like
9	alcohols
9	aintegumenta-like
9	aig2-like
9	agrobacterium
9	acyl-[acyl-carrier-protein]
9	acquisition
9	aconitase
9	acid-induced
9	accessions
9	aba-mediated
9	a-6
9	8s
9	7s
9	7"
9	60%
9	6"
9	5s
9	5-phosphate
9	5'-bisphosphate
9	35%
9	314-478
9	31-like
9	30s
9	3-phosphate
9	3-oxo-5-alpha-steroid
9	28%
9	27%
9	25%
9	24-192
9	1||ab012866
9	1|ac092548
9	172-333
9	14|ac092548
9	1-like
9	1-4
9	1-2
8	{zea
8	{pisum
8	{glycine
8	yabby
8	viable
8	vescicle
8	venation
8	variegated
8	uridylyltransferase
8	until
8	uncoordinated
8	udp-xylosyltransferase
8	udp-arabinose
8	uclacyanin
8	ubiquinol-cytochrome-c
8	ubiquinol-cytochrome
8	type-b
8	tuberosum}
8	tso1-like
8	triad-like
8	trehalose-6-phosphate
8	transiently
8	trans-spliced
8	trait
8	tpp-binding
8	toxin-like
8	tobamovirus
8	thioredoxins
8	tesmin
8	ternary
8	temperature-induced
8	systems
8	synthetic
8	synthetase-like
8	suppressing
8	supports
8	sucrose-phosphate
8	style
8	stranded
8	stimulation
8	spread
8	sos3-interacting
8	sn-glycerol-3-phosphate
8	slight
8	sft2-like
8	ser-type
8	ser-his-asp
8	sel1-like
8	sec7-like
8	sativum}
8	rotease
8	rnapolymerase
8	rhamnogalacturonate
8	rhamnogalacturonan
8	reversible
8	reveals
8	requiring
8	reporter
8	remarkably
8	reductases
8	ranging
8	rac-interactive
8	quinate
8	providing
8	protodermal
8	proteobacteria
8	protect
8	properties
8	promoter-reporter
8	pre-atp-grasp
8	possess
8	positioning
8	plastid-encoded
8	plasmodesmata-located
8	pin-formed
8	phytophthora
8	phytochrome-associated
8	phylloquinone
8	phyllome
8	photoperiod
8	photolyase
8	phosphate-induced
8	phosphatase-related
8	performs
8	peptidyl-trna
8	pathogenesis
8	participating
8	paralogue
8	palmitoyl
8	overly
8	organellar
8	order
8	occur
8	numerous
8	nucleotidylyl
8	nucleotides
8	nucleoside-triphosphatases
8	northern
8	nonfermenting
8	nearly
8	native
8	narrow
8	names
8	n2-terminal
8	n-6
8	mustang
8	modulation
8	moderate
8	mif4-like
8	micropylar
8	methyltransferase-related
8	methylate
8	metals
8	metallothionein
8	meprin
8	membrane-anchored
8	mays}
8	max}
8	low-affinity
8	loading
8	limitation
8	ligase1
8	l1p
8	l18e
8	l-glutamate
8	kip-related
8	jacalin
8	iron-regulated
8	involves
8	intramembrane
8	integuments
8	inosine
8	inhibitor-1
8	inhibiting
8	inhibit
8	inflorescences
8	indolebutyric
8	ig-like
8	iaa-leucine
8	hopw1-1-interacting
8	homoserine
8	homomeric
8	hinge
8	hammerhead
8	guanylate
8	greening
8	granulin
8	gram-negative
8	gp|10140689|gb|aag13524
8	glucosylates
8	gdsl-motif
8	gatase
8	gamma-tubulin
8	gametophytes
8	galactosyl
8	galactolipase
8	galactokinase
8	galactinol
8	fy-rich
8	fused
8	forked
8	fmn-linked
8	fluorescent
8	flavonols
8	fk506-binding
8	ferulic
8	ferric-chelate
8	features
8	fashion
8	farnesyl
8	falciparum
8	expresses
8	ethanolamine
8	equilibrative
8	epithiospecifier
8	entrainment
8	enter
8	enoylreductase
8	endotransglycosylase
8	emergence
8	eight-gene
8	effective
8	eceriferum
8	eca1-like
8	dynamin-like
8	drought-responsive
8	dreb2b
8	down-regulated
8	domesticated
8	dna-3-methyladenine
8	direction
8	diphenol
8	dioxide
8	dimethylation
8	dimeric
8	differs
8	detoxifying
8	design
8	desaturation
8	dephosphorylate
8	deoxyribonucleoside
8	delayed-early
8	dehydrogenase-like
8	defined
8	deamination
8	ddb1b
8	d-arabinono-1
8	d-aminoacid
8	cytoskeletal
8	cytokinin-mediated
8	cyp81d
8	curled
8	cross
8	crooked
8	coordinately
8	constans
8	consensus
8	conjugation
8	confirmed
8	compensate
8	compartments
8	commitment
8	colocalize
8	co-chaperone
8	chromophore
8	cholesterol
8	chloroplast-nucleus
8	chilling
8	chaperone-mediated
8	chalcone-flavanone
8	caleosin
8	cah1-like
8	buzzatii
8	breaks
8	biochemical
8	bicarbonate
8	beta-ribbon
8	auxins
8	atp-citrate
8	atoms
8	asparaginyl-trna
8	arogenate
8	appropriate
8	apoptosis-promoting
8	annotation
8	annexin
8	amyloplast
8	amounts
8	aluminum-activated
8	alpha-glucosidase
8	alpha-class
8	alkenal
8	alignment
8	aldehyde-lyase
8	agent
8	adp-ribosyltransferase
8	adenine-specific
8	acyl-coa-binding
8	aconitase-like
8	accumulated
8	abortion
8	a1f
8	[plasmodium
8	62%
8	56%
8	55%
8	5-trisphosphate
8	5'-phosphate
8	4e-14
8	47%
8	46%
8	42%
8	40s
8	4-lactone
8	4'-o-glucosyltransferase
8	2e-18
8	2e-16
8	29|ac068924
8	29%
8	2-oxoacid
8	2-oxidase
8	2-o-acyltransferase
8	2-kinase
8	2-2
8	1|ac068924
8	1d
8	1-phosphate
8	1-amino-cyclopropane-1-carboxylate
8	-interacting
8	-3&apos
7	zn-cluster
7	zeaxanthin
7	yippee-like
7	yippee
7	xylanase
7	would
7	wd-repeat
7	variants
7	v-type
7	utp--glucose-1-phosphate
7	unusual
7	udp-rhamnose
7	udp-d-glucuronate
7	udp-d-galactose
7	ucggaccaggcuucauucccc
7	ubiquitin-fold
7	ubiquinol
7	uagccaaggaugacuugccug
7	type-1
7	ts-n
7	trna-binding
7	trigger
7	triacylglycerols
7	triacylglycerol
7	transpiration
7	transmitting
7	transmission
7	translocating
7	transfers
7	tracheary
7	touch
7	times
7	thiolase
7	thioglucosidase
7	tensin
7	suspension
7	supply
7	supplied
7	super
7	sumo-activating
7	sulfurtransferase
7	subsequently
7	streptomyces
7	stimulated
7	stearoyl-acyl-carrier-protein
7	starvation-responsive
7	starvation-induced
7	st1-like
7	sporopollenin
7	specks
7	speckles
7	specifier
7	solanacearum
7	smax1-like
7	single-strand
7	shv3-like
7	shortening
7	shaping
7	shaped
7	senescence-related
7	scavenge
7	s-phase
7	rudiment
7	ribulose-bisphosphate
7	ribosylation
7	rhomboid-related
7	rho-related
7	rho-like
7	retaining
7	restore
7	respect
7	resembles
7	redoxin
7	recently
7	rbp11-like
7	ran-binding
7	ralstonia
7	rad3-like
7	quantitative
7	purothionin
7	proteosome
7	proteolipid
7	protein2
7	prokaryotic-type
7	prohibitin
7	prenylyltransferase
7	pre-rrna
7	polyubiquitination
7	polypeptide-associated
7	plus-3
7	playing
7	plastocyanin
7	photoprotection
7	phosphotransmitter
7	phospholipid-binding
7	phosphoinositide-specific
7	phosphoglycolate
7	phosphatidyltransferase
7	phosphatidylethanolamine-binding
7	pentacysteine
7	peaking
7	paralogous
7	paradisi}
7	palmitoyl-
7	p-related
7	p-450
7	oxysporum
7	oxidized
7	osjnbb0043h09
7	oomycete
7	oligomers
7	oligomeric
7	occurring
7	novo'
7	nosic
7	nima-related
7	night
7	neither
7	nbs-lrr
7	n-glycan
7	n-acetylglucosaminyltransferase
7	mycolic
7	munc18-like
7	multi-functional
7	mitogen
7	microarray
7	mevalonate-independent
7	methylthioalkylmalate
7	methyladenine
7	mername-aa028
7	map3k
7	mannan
7	majority
7	m20d
7	lysosomal
7	lumenal
7	longevity
7	l5p
7	l15e
7	l-tyrosine
7	kunitz
7	knotted1-like
7	kinase-associated
7	kaempferol
7	isolate
7	internode
7	interferon
7	insert
7	inducer
7	indole-3-butyric
7	inactive
7	importin-beta-binding
7	importin-alpha-like
7	impact
7	ii-b
7	iaa-amido
7	hyperplastic
7	hydrophilic
7	hydrogen-exporting
7	hydathodes
7	hr-like
7	hormones
7	homeodomain-leucine
7	histidine-containing
7	high-light
7	heterodimeric
7	herbivore
7	heptahelical
7	hco3-
7	hairpin-induced
7	haem-binding
7	h-protein
7	gunnii
7	guanido
7	greater
7	gp|21740634|emb|cad40195
7	golgin
7	glyceraldehyde
7	glycan
7	glutaredoxin-related
7	glutamate-ammonia
7	glucosamine
7	gfp-tagged
7	gdp-dissociation
7	gamma-adaptin
7	galactolipids
7	fusarium
7	full-length
7	frigida
7	fragile
7	fmn-binding
7	flavonoids
7	five-member
7	fingerfamily
7	field
7	fates
7	farnesylated
7	explants
7	experimental
7	expansin-like
7	exosome
7	exordium
7	euchromatin
7	eucalyptus
7	etiolated
7	escherichia
7	er-associated
7	epoxidase
7	engulfment
7	endodeoxyribonuclease
7	eif4-gamma
7	eif2-epsilon
7	eif-3
7	dumper
7	dullard-like
7	disulphide
7	dinucleotide
7	diminished
7	devoid
7	dephosphorylated
7	dehydrodolichyl
7	deformylase
7	decay
7	decapping
7	d-type
7	d-mannose
7	cyp706a
7	cyclopropane-fatty-acyl-phospholipid
7	curly
7	cupin-3
7	ctchy-type
7	crinkly4
7	cox19-like
7	coronatine
7	contributing
7	contained
7	constitute
7	conjunction
7	coniferyl
7	conductance-like
7	conditional
7	concentration
7	cold-responsive
7	cohesin
7	co-ip
7	cinnamyl
7	chy-type
7	chromocenter
7	chelate
7	chelatase
7	certain
7	cell-to-cell
7	cdp-alcohol
7	carpels
7	carboxy-terminal
7	carboxy-lyase
7	carbon-sulfur
7	carbohydrates
7	campestris
7	callose-binding
7	caffeoyl-coa
7	ca2+-atpase
7	c5hc2-type
7	c5hc2
7	butirosin
7	btrg-like
7	bridge
7	bottom
7	borate
7	biomass
7	beta-tubulin
7	beta-sheet
7	become
7	bcl-2-associated
7	b-4
7	b'
7	attach
7	atn1-like
7	athanogene
7	arsenic
7	arginyl-trna
7	archaea
7	apoptotic-like
7	apices
7	anti-sense
7	anti-codon-binding
7	annealing
7	amylopectin
7	aminoglycoside
7	amides
7	allow
7	allene
7	all-beta
7	alfin1-like
7	alfin-like
7	alcohol-forming
7	alanyl
7	adaptin
7	adaptation
7	acyl-activating
7	act-like
7	acetyl-transferring
7	abortive
7	aba-inducible
7	aba-induced
7	a1b
7	9-cis-epoxycarotenoid
7	9"
7	78%
7	75%
7	7-methylguanosine
7	6e-16
7	6e-07
7	6-phosphofructokinase
7	58-302
7	58%
7	51%
7	5'-phosphosulfate
7	5'-amp-activated
7	4e-29
7	4-reductase
7	4-n-acetylglucosaminyltransferase
7	3e-08
7	3d7]
7	3c
7	3-hydroxyacid
7	3-helical
7	3-beta
7	2-beta-dioxygenase
7	1||al606611
7	1e-26
7	14c
7	1-monooxygenase
7	1-aminocyclopropane-1-carboxylic
7	1-3
7	-mediated
7	-beta-ocimene
7	'de
6	{drosophila
6	zn-dependent
6	yucca
6	yield
6	wlim2b
6	wlim2a
6	wildtype
6	vital
6	virial
6	virb2-interacting
6	uv-c
6	upregulation
6	unmapped
6	undergoing
6	uncoupling
6	uncoupled
6	ugacagaagagagugagcac
6	udp-d-glucose
6	udp-3-o-[3-hydroxymyristoyl]
6	ubiquitin-related
6	ubiquitin-activating
6	ubc13-mms2
6	ub-like
6	trithorax
6	tripeptide
6	triose-phosphate
6	transposition
6	transposase-derived
6	transporter2
6	translocated
6	transitions
6	transglycosylase
6	transferred
6	transamidase
6	toprim
6	toleration
6	tocopherol
6	tir-nb-lrr
6	tightly
6	thylakoids
6	threonyl
6	theta
6	tgacg
6	tfiis-type
6	tfiiic
6	tfiih
6	tfiib-type
6	tetratricopetide-repeat
6	tetraspanin8
6	tetramerisation
6	termed
6	tata-binding
6	swivel
6	swi-snf-related
6	sulfurylases
6	sugar-binding
6	subunit-like
6	structure-specific
6	stretches
6	stress-induced
6	strength
6	stigma-specific
6	stature
6	stamens
6	stabilizer
6	ssdna-binding
6	sporophytic
6	spinach
6	spartin-associated
6	snorna-binding
6	six-member
6	since
6	sinapate
6	silenced
6	sigma-70
6	shuttling
6	shift
6	shaggy-related
6	set-domain
6	sesquiterpenoid
6	sequence-1
6	sec14-like
6	sc35-like
6	sativus}
6	saposin
6	safeners
6	s9a
6	s13-like
6	s-domain-1
6	rubredoxin-like
6	round
6	root-hair
6	restored
6	resolvase
6	rescued
6	replicated
6	renders
6	relocalize
6	relatively
6	regeneration
6	recruits
6	recruitment
6	recognizing
6	recognizes
6	recent
6	rearrangement
6	rates
6	ranbpm
6	rad-like
6	r3h
6	pyridoxamine
6	pyridoxal-5'-phosphate-dependent
6	publications
6	psort
6	provascular
6	protrusion
6	protochlorophyllide
6	proteasome-dependent
6	promoted
6	prominently
6	prokaryotic-like
6	profiles
6	primosome
6	prime
6	previous
6	preribosome
6	predominant
6	pre-mrna-splicing
6	pr-6-type
6	pr-6
6	pr-13
6	potyvirus
6	postembryonic
6	post-replicative
6	pores
6	pombe
6	polypeptides
6	polyadenylate
6	plim2c
6	plim2b
6	plim2a
6	phytotoxin
6	phyllotactic
6	phragmoplast-associated
6	phosphoserine
6	phosphorus
6	phosphoribosylanthranilate
6	phosphoglucomutase
6	phosphatidylserine
6	phosphatidylcholine-sterol
6	phosphate-deficient
6	phenylalanyl-trna
6	peptidases
6	pentakisphosphate
6	pathogen-associated
6	parenchyma
6	paraquat
6	oxygenase-like
6	oxidoreductase-related
6	oxidant
6	over-expressing
6	organized
6	oocyte
6	omega
6	oligosaccharyltransferase
6	often
6	occurred
6	obtained
6	o-acetylserine
6	nucleoprotein
6	nucleolin
6	notably
6	nonhost
6	non-cg
6	nexin
6	nb-lrr
6	namely
6	nadh-plastoquinone
6	n-acetyglucosaminlytransferase
6	n-
6	myrosinase
6	myc-related
6	myb-related
6	muts-like
6	multi-helical
6	motif-binding
6	mos4-associated
6	monoterpene
6	monopteros
6	monopolar
6	monomer-monomer
6	modifications
6	mixed
6	mismatches
6	minus-end
6	middle
6	micropyle
6	microfibril
6	metal-nicotianamine
6	meiocytes
6	megasporogenesis
6	medicago
6	math-btb
6	margin
6	mapkkk
6	mannosyltransferase
6	malonyl-coa
6	makrs
6	m24a
6	lysyl-trna
6	lycopersicon
6	lupeol
6	lsd1-type
6	long-distance
6	long-chain-alcohol
6	linoleate
6	lignification
6	library
6	lhcii
6	lesion-inducing
6	lesion-inducer
6	lecithin
6	latter
6	l23e
6	l14p
6	l14b
6	l-lysine
6	l-alanine
6	knotted-like
6	keratin
6	ja-responsive
6	it's
6	involving
6	interface
6	intensities
6	integrin-linked
6	instead
6	inositol-pentakisphosphate
6	initiates
6	initiate
6	influence
6	incompletely
6	included
6	importin-beta-like
6	ii-e
6	iaa-amino
6	i-type
6	hypothesized
6	hydathode
6	hva22-like
6	homogentisate
6	homodimers
6	histone-binding
6	hexokinase
6	heteromeric
6	hercules
6	helps
6	hcg-1
6	harbinger
6	h2th
6	guiding
6	guanosine
6	gp|9837280|gb|aag00510
6	gpi-anchor
6	glyoxysomal
6	glycoproteins
6	glycolate
6	glycogenin-like
6	glutaminyl-trna
6	glucosyl
6	glaucous
6	given
6	genomes
6	generative
6	generated
6	gar2-related
6	gamma-subunit
6	galectin
6	galacturonosyltransferase-like
6	g3d
6	g-beta
6	frameshift
6	fractions
6	fourth
6	four-way
6	formyltetrahydrofolate
6	flexible
6	finger-containing
6	filamentous
6	fibronectin
6	fenclorim
6	farnesyltransferase
6	family-
6	failed
6	factor-a
6	extensive
6	exportin-1
6	exportin
6	exopeptidases
6	exodeoxyribonuclease
6	excised
6	etioplast
6	ers1p
6	error-free
6	er-localized
6	equivalent
6	ensure
6	elongin
6	ectopically
6	e2-ubc
6	dwarfed
6	duf1795-like
6	drives
6	dramatic
6	dnaj-like
6	distinctive
6	dimethylallyltranstransferase
6	dimers
6	dikinase
6	diffusion
6	differences
6	di-glucose
6	di-acylglycerol
6	desulfhydrase
6	deoxyribonuclease
6	demeter-like
6	delays
6	dehydration-associated
6	degrees
6	decyclizing
6	damaging
6	da1-related
6	d-3-phosphoglycerate
6	cytosine-5-
6	cytosine-5
6	cystinosin
6	cyclins
6	cycling
6	cycle-associated
6	crossovers
6	converting
6	conferring
6	conferred
6	competence
6	companion
6	cold-induced
6	coexpression
6	ck2alpha
6	chromatin-remodeling
6	chlorophyllide
6	chitin-responsive
6	characteristics
6	changed
6	cg-1
6	ceramidase
6	ced-12
6	cdc2a
6	cd1-nitrite
6	ccaat
6	carboxylic
6	carboxyl-o-methyltransferase
6	calreticulin
6	calli
6	caleosin-related
6	bundlers
6	btb-poz
6	bridges
6	brassinazole
6	branched-chain-amino-acid
6	br-signaling
6	boundaries-domain
6	blue-light
6	betaine
6	beta-unsaturated
6	beta-like
6	benzoic
6	benoxacor
6	beige
6	beginning
6	beach
6	bcl-2
6	b-5
6	available
6	auxin-regulated
6	autophagic
6	attpk
6	atire1-2
6	arenosa
6	appeared
6	appearance
6	apparently
6	apoprotein
6	apoplastic
6	apetala1
6	ap-1
6	antitermination
6	anthocyanins
6	antagonistically
6	anchors
6	amido-n-donor
6	amido
6	alpha-d-phosphohexomutase
6	alone
6	allows
6	alanine-glyoxylate
6	adenylylsulfate
6	acireductone
6	acid-responsive
6	acetyl-coenzyme
6	abort
6	abolishes
6	a6b
6	a22b
6	a1c
6	[2fe-2s]-binding
6	9e-29
6	8e-23
6	80%
6	7e-41
6	7e-38
6	7e-30
6	72%
6	71b5
6	6e-40
6	6e-22
6	68%
6	6-phosphate
6	6-kinase
6	6-dehydratase
6	6-bisphosphatase
6	6%
6	59%
6	54%
6	5-3
6	5'-phosphomonoesters
6	4e-10
6	4-glycosyltransferase
6	4-coumarate
6	4-beta-xylosidase
6	4-aminobenzoate
6	3e-42
6	3e-33
6	3e-30
6	36%
6	3-methyl-2-oxobutanoate
6	3-layer
6	3-hydroxyacyl-coa
6	3-beta-hydroxy-delta5-steroid
6	3-1
6	2e-53
6	23s
6	2-isopropylmalate
6	1||af285172
6	1e-38
6	1e-27
6	1e-23
6	1e-14
6	18s
6	14b
6	11-s
6	10-formyltetrahydrofolate
6	1-phosphatidylinositol
6	1-phosphatase
6	0e-27
6	0e-16
6	-phosphate
6	-independent
6	-abscisic
6	"teosinte
6	"beta-1
5	zones
5	zn2+
5	xeroderma
5	wrinkled
5	wound
5	wobble
5	wiyld
5	winter-annual
5	white-brown
5	whether
5	wassilewskija
5	viologen
5	villin
5	vessel
5	vdacs
5	vanadium-dependent
5	valve
5	uridine-preferring
5	upper
5	uninhibited
5	undergo
5	uncoupler
5	unchanged
5	unc-like
5	ultimately
5	udp-l-arabinose
5	udp-glucuronic
5	udp-galactosyltransferase
5	ubiquitylation
5	ubiquiting-conjugating
5	ubc13a
5	u1-70k
5	typically
5	turnip
5	tubular
5	truncatula
5	tropinone
5	trna-dihydrouridine
5	triubiquitin
5	triose
5	tributaries
5	transpeptidase
5	transmitted
5	translesion
5	transdifferentiation
5	trans-zeatin
5	traffic
5	toxicos
5	total
5	tocopherol-deficient
5	tld-domain
5	three-like
5	thiolation
5	thioester
5	thiocyanate
5	thigmotropism
5	thdp-binding
5	tgs-like
5	tfiie
5	tetrakisphosphate
5	tetrahydrofolylpolyglutamate
5	tetrads
5	tetracycline
5	tetracyclin
5	tert-butylhydroperoxide
5	temporal
5	template
5	telomeres
5	tbp-binding
5	tata-box
5	tagging
5	t1a
5	synthesize
5	synthesis-dependent
5	synaptotagmin
5	synaptobrevin-like
5	symbol
5	sumo-specific
5	suitable
5	sugars
5	sugar-inducible
5	substitution
5	substitute
5	subfamily-specific
5	strongest
5	strip
5	strigolactone
5	stoichiometry
5	stimulating
5	steady-state
5	status
5	stacks
5	stabilized
5	sporulation
5	sporogenesis
5	sperm-egg
5	spa1-related
5	solution
5	siw14-like
5	site-2
5	silico
5	silent
5	sgs3-like
5	serinc-domain
5	sequestering
5	semidominant
5	selenoprotein
5	selectively
5	segments
5	secretion-associated
5	screening
5	science
5	scf-dependent
5	scamp
5	saposin-like
5	saccharopine
5	sabath
5	s15a
5	s-oxygenase
5	s-iim
5	s-
5	rubber
5	rpb3-type
5	ripening
5	ring-finger
5	ribulose-1
5	ribose-5-phosphate
5	ribb-like
5	rhamnose
5	rga-like
5	reversibly
5	retinoblastoma
5	retarded
5	restores
5	resides
5	repressing
5	repetitive
5	refolding
5	redifferentiation
5	recovered
5	record
5	recombinase
5	reca-like
5	rec8-like
5	rapamycin
5	rangap1
5	radix-like
5	radish
5	radioactive
5	radially
5	rad5p
5	rad3-type
5	rab6-related
5	r2r3-
5	qrt-pcr
5	pseudogene"
5	proton-dependent
5	protein-arginine
5	protein-1
5	protects
5	pronounced
5	proliferative
5	progesterone
5	primase
5	prevent
5	prenylcysteine
5	prenylation
5	preceding
5	pr-1
5	ppiase
5	post-transcriptional
5	positions
5	porin-type
5	pore-domain
5	polyol
5	poltergeist
5	pollen-specific
5	pol-like
5	plectosphaerella
5	player
5	plantacyanin
5	plant-based
5	plane
5	placement
5	place
5	pistil
5	piriformospora
5	pinoid
5	pik-related
5	pigments
5	pigmentosum
5	phytol
5	phytochrome-mediated
5	phytochelatin
5	phytoalexin
5	physical
5	phosphoglucan
5	phosphatidylinositol-speciwc
5	phosphatase-associated
5	pgap1-like
5	peroxin11
5	perinuclear
5	performed
5	peptidemethionine
5	pentapeptide
5	pectinase
5	pathogenic
5	pathogen-induced
5	partitioning
5	oxidosqualene
5	oxidatively
5	outgrowth
5	otu-like
5	osmotically
5	osmosensory
5	oscillator
5	orontii
5	opc-8
5	oligomerization
5	nucleosidase
5	nucleobase-containing
5	nramp2
5	nramp
5	npk1-related
5	nop56-like
5	nonsense-mediated
5	non-sequence
5	non-repressible
5	nitrile-specifier
5	nifu-like
5	neuron
5	nep-interacting
5	neoformans
5	neighboring
5	needed
5	ndh-dependent
5	naturally
5	napin
5	naked
5	nadp-dependent
5	nad+-
5	n6-
5	n-end
5	n-acetylglycosamine
5	n-acetylglucosamine-1-phosphate
5	myrcene
5	myb3r-
5	myb-
5	multiprotein
5	multicopy
5	mostly
5	monoubiquitination
5	monofunctional
5	monodehydroascorbate
5	monoamine-oxidase
5	mono-adp-ribosyltransferase
5	modular
5	mobilization
5	mitochondrially-localized
5	mitochondrial-localized
5	mispair
5	minimal
5	mimic
5	migration
5	metrs
5	metridin-like
5	methylthioalkyl
5	methylthioadenosine-lyase
5	methylsulfinylalkyl
5	methylenetetrahydrofolate
5	methylates
5	methionyl-trna
5	methionine-derived
5	methionine--trna
5	metalloendopeptidases
5	metabolizing
5	mercuric
5	mendelian
5	melanogaster}
5	mekhla
5	meiosis-specific
5	means
5	mcp2af
5	mcp1a-c
5	matrixin
5	mapping
5	male-sterile
5	m10a
5	lysosome
5	lysines
5	lysine-63-based
5	lycopene
5	lunatus}
5	lsd1-like
5	lotus
5	lipoamide
5	limit
5	ligand-effect
5	ligand
5	li+
5	levadura
5	leptotene
5	legumain
5	larval
5	largely
5	l7e
5	l37e
5	l37ae
5	l30p
5	l22p
5	l17e
5	l-proline
5	l-cysteine
5	kinase-1
5	ketones
5	kelch-associated
5	japonicus
5	jacalin-related
5	j-domain
5	isoprenylcysteine
5	isopeptide
5	isolog
5	isochorismate
5	interval
5	interactive
5	instability
5	insertions
5	inflammatory
5	indolepyruvate
5	indirectly
5	incomplete
5	immunolocalization
5	ii-associated
5	identi&#64257
5	iaa-related
5	hydroxymethylglutaryl-coa
5	hydroxymethyl-
5	hydroxycinnamoyltransferase
5	hydroxycinnamoyl-coa
5	hydroxyacylglutathione
5	hydrogen-translocating
5	hybrid-type
5	hyaluronan
5	hrdc-like
5	homology-3
5	hmg-y
5	hmg-i
5	heterologously
5	herbivory
5	hemicellulose
5	helicase-related
5	helicase-like
5	hect-domain
5	headpiece
5	hcp-like
5	hapless
5	haloperoxidase-related
5	haesa-like
5	habit
5	h3k27me3
5	h3-k56
5	h3-k36
5	h3-k27
5	gtpase-activating
5	gtp-dependent
5	gtp-ase
5	granule
5	grana
5	gp|9651530|gb|aaf91178
5	gp|27311287|gb|aao00713
5	gp|21450442|gb|aam54146
5	gp|13122426|dbj|bab32907
5	governs
5	glycolipids
5	glycogenin
5	glutathionylation
5	glucuronyltransferase
5	gln-trna
5	giant
5	geranylgeranyltransferase
5	generally
5	gene-specific
5	geminivirus
5	gc-rich
5	gapdh
5	gamma-glutamylcysteinyltransferase
5	gag-pol-related
5	ga-induced
5	g3pp5
5	g3pp4
5	g3pp3
5	g3pp2
5	g3pp1
5	fusca
5	furthermore
5	funicular
5	fruits
5	formyl-
5	formyl
5	formerly
5	fold-2
5	fmn-dependent
5	flavin-monooxygenase
5	flagellin
5	fidelity
5	fibers
5	ferritin-related
5	ferritin-like
5	fe-deficient
5	failure
5	fails
5	facilitating
5	extremely
5	extreme
5	extraterminal
5	expanding
5	excinuclease
5	exaggerated
5	exact
5	epithionitrile
5	epistatic
5	entire
5	endoxyloglucan
5	endothelium
5	endosomes
5	endodermal
5	encompassing
5	en-1
5	embryo-specific
5	elf4-like
5	element-binding
5	eif-4e
5	eif-2
5	egf-type
5	e1-like
5	dynamically
5	dwarfism
5	dual-targeted
5	dual-speci&#64257
5	dtdp-4-dehydrorhamnose
5	dsrna-binding
5	dormancyauxin
5	dominance
5	dnaj-related
5	dna-damage-repair
5	divide
5	diubiquitin
5	distortion
5	disease-resistance
5	discrete
5	diphosphorylase
5	diphosphate-binding
5	dipeptidase
5	dihydrouridine
5	dihydrolipoyllysine-residue
5	dihydrodipicolinate
5	dicarboxylic
5	diabetes
5	devb-type
5	derepression
5	der1-like
5	demonstrate
5	delta-isomerase
5	dehydrogenase-related
5	dehydroascorbate
5	degrade
5	degenerate
5	defines
5	defectively
5	decarboxylase-like
5	deadly
5	deadenylation-independent
5	de-etiolated
5	cytochromes
5	cysteamine
5	cyp89a
5	cyp86a
5	cyp76c
5	cycles
5	currently
5	cullin-ring
5	cucumerina
5	crystal
5	cornichon
5	copper-transporter
5	consist
5	connector
5	confused
5	comprising
5	competitive
5	cognate
5	cofactors
5	co-activator
5	cmp-sugar
5	clpps
5	closing
5	cloned
5	clc-plant
5	circumnutation
5	cinnamic
5	cichoracearum
5	chromosomal
5	chloroperoxidase
5	chlamydomonas
5	characterised
5	centrosomal
5	cenc-like
5	cellulose-synthase-like
5	cell-fusion
5	cation-binding
5	catalyses
5	casparian
5	carboxylation
5	carbonyls
5	carbonyl
5	carbons
5	canonical
5	calnexin
5	cal-1
5	caffeoyl
5	caffeic
5	ca2+-binding
5	c4-dicarboxylate
5	c2-pld
5	c-myb-like
5	c-22
5	c-19
5	bundling
5	bruno-like
5	brown
5	bro1-like
5	brevis
5	brassinosteroid-insensitive
5	boron-containing
5	biotin-binding
5	biologically
5	bicellular
5	beta-ketoacyl
5	beta-d-xylosidase
5	beta-catenin
5	beta-amyrin
5	beta-2
5	beta'
5	benzymidazol
5	baruol
5	balance
5	baf60b
5	bacterial-like
5	backbone
5	b1c
5	b1a
5	b-related
5	b-2
5	avrrpt2
5	auxin-inducible
5	auxilliary
5	auxiliary
5	attenuates
5	atmlo9
5	atmlo8
5	atmlo7
5	atmlo5
5	atmlo10
5	atmcp2f
5	atmcp2e
5	atmcp2d
5	atmcp2c
5	atmcp2b
5	atmcp2a
5	atmcp1c
5	atmcp1b
5	atmcp1a
5	asymmetrically
5	arsenite
5	aromatase-related
5	arm-repeat
5	arabinosyltransferase
5	apurinic
5	apocytochrome
5	apical-basal
5	ap1-1
5	anti-apoptosis
5	anther-specific
5	anoxia
5	amino-acid
5	amino-
5	alpha-trehalose-phosphate
5	alpha-l-arabinofuranosidase
5	alpha-isopropylmalate
5	alpha-hydroxy
5	alpha-galactosidase
5	allinase
5	aliphatic
5	ala-interacting
5	agents
5	after-ripening
5	adventitious
5	adr1-like
5	adp-ribose-moiety
5	adenylylsulfatase
5	additionally
5	actually
5	actin-11
5	acetylate
5	accomplish
5	acceptors
5	accepting
5	ac-like
5	a1e
5	a-type
5	[plant
5	[nad
5	[at5g22630]
5	[at3g44720]
5	[at3g07630]
5	[at2g27820]
5	[at1g11790]
5	[at1g08250]
5	9e-24
5	9e-11
5	9e-10
5	92-340
5	90s
5	8e-10
5	8a
5	85%
5	83%
5	8-methylthiopropyl
5	8-cineole
5	7e-53
5	7e-49
5	7e-43
5	7e-40
5	7e-18
5	7e-16
5	7e-11
5	7e-06
5	7e-05
5	70-2
5	6e-27
5	6e-10
5	6e-09
5	6e-05
5	69%
5	6-phosphogluconolactonase
5	6-dehydrogenase
5	5|ac104616
5	5e-39
5	5e-36
5	5e-28
5	5e-26
5	5e-16
5	5e-10
5	5-nucleotidase
5	5&#8242
5	4e-30
5	4e
5	4c
5	49%
5	4-trisphosphate
5	4-hydroxy-tetrahydrodipicolinate
5	4-glucan-protein
5	4-beta-xylanase
5	3e-87
5	3e-43
5	3e-36
5	3e-11
5	32%
5	30a
5	3-related
5	3-oxoacyl-[acyl-carrier-protein]
5	3-o-methyltransferase
5	3'-utr
5	3'-terminal
5	2e-59
5	2e-42
5	2e-40
5	2e-39
5	2e-35
5	2e-22
5	2e-21
5	2e-20
5	2e-19
5	2e-15
5	2e-11
5	2e-08
5	24%
5	21-nt
5	20-oxidase
5	2-cys
5	2-1
5	2-
5	1||ap003047
5	1||ac078894
5	1|af203700
5	1|ac104616
5	1|ac104428
5	1f
5	1e-40
5	1e-37
5	1e-36
5	1e-10
5	12-oxophytodienoate
5	1-related
5	1-deoxy-d-xylulose-5-phosphate
5	1-acylglycerol-3-phosphate
5	0e-48
5	0e-38
5	0e-20
5	0e-15
5	0e-12
5	-synthase
5	-deficient
5	-bisphosphate
4	~similar
4	{vigna
4	{schizosaccharomyces
4	{raphanus
4	{oenothera
4	{gossypium
4	zincin-like
4	ytochrome
4	yellow-leaf-specific
4	y-family
4	y-
4	xylose
4	xpc-binding
4	x8-gpi
4	wvd2-like
4	whorls
4	wheat
4	wall-type
4	wall-plasma
4	vulgare
4	violaxanthin
4	vin3-like
4	vigna
4	vha-a
4	vernalization5
4	vefs-box
4	vacuolar-type
4	uv-a
4	utilizes
4	urease
4	upregulates
4	up-regulation
4	up-regulating
4	unlikely
4	units
4	uniformly
4	unguiculata
4	uncover
4	umuc-like
4	uk-like
4	ugagccaaggaugacuugccg
4	udp-xyl
4	ubiquitous
4	ubiquitinates
4	type-2
4	twisted
4	trnase
4	trna-intron
4	trihelix
4	triggers
4	trends
4	trend
4	transposase-related
4	transporter1
4	translocator-related
4	translated
4	transgenes
4	transcription-associated
4	transamidation
4	toxicity
4	topless-related
4	tigrfam
4	tight
4	tic20-v
4	tic20-iv
4	tic20-ii
4	tic20-i
4	thymine
4	thymidylate
4	thylakoidal
4	thylakoid-localized
4	threonyl-trna
4	threonine-trna
4	thiosulfate
4	thioredoxin-disulfide
4	thioredoxin-dependent
4	thimet
4	thalianol
4	tfiia
4	tertiary
4	termini
4	tasirna-generating
4	tandemly
4	tam3-transposase
4	synthetase-type
4	synchronized
4	surfaces
4	supramolecular
4	sup>
4	sultr3
4	sulfurylase
4	sulfurase
4	sulfohydrolase
4	sucrose-phosphatase
4	sucrose-6f-phosphate
4	sucrose-6-phosphate
4	sucraseferredoxin-like
4	sucrase
4	subunit-related
4	sub-class
4	stress-denatured
4	still
4	stilbene
4	stapleton
4	staphylococcal
4	squamosa-promoter
4	sp|q9uua2
4	spreading
4	spliceosome-associated
4	spiral1-like2
4	speculated
4	specifying
4	specifies
4	spanning
4	spa1-spa4
4	soybn
4	sorbitol
4	solanesyl
4	snowy
4	snase-like
4	six-like
4	sirtinol
4	single-copy
4	sinensis}
4	sinapoylglucose
4	silencing-associated
4	short-lived
4	seuss-like
4	serpin-like
4	serine-arginine
4	sequestration
4	sensitive23
4	sense
4	segment
4	seed-specific
4	sec61-gamma
4	sec-independent
4	sec-c
4	scheme
4	scattered
4	sbp-domain
4	sativum
4	sant-like
4	sant-associated
4	salt-inducible
4	s8a
4	s7p
4	s5e
4	s27e
4	s20e
4	s17e
4	s10p
4	s-protein
4	s-domain-2
4	rubredoxin
4	rpb7-like
4	rnapii
4	rna-metabolising
4	rna-induced
4	ring-u-box
4	ricin
4	ribonucleoside-diphosphate
4	retromer-like
4	retrieval
4	reticulum-associated
4	retains
4	restricts
4	restrict
4	respond
4	resistant1
4	repressors
4	repressive
4	reporters
4	repetitively
4	repairs
4	renamed
4	removes
4	remained
4	released
4	register
4	redistribution
4	red-light
4	recql4a
4	recognize
4	reception
4	rearranged
4	rbcs3b
4	rbcs2b
4	rbcs1b
4	rbcs1a
4	rangdp
4	rad23d
4	rad23c
4	rad23b
4	rad23a
4	quinonprotein
4	q9s9w4
4	pyruvate-binding
4	pyranose
4	pspase-like
4	psbp-like
4	prp4p-related
4	proteome
4	proteine
4	proteinaceous
4	protein-serine
4	protective
4	protease-like
4	progress
4	program
4	primer
4	prevented
4	presumed
4	pr-5
4	pq-loop
4	ppgpp
4	pp2a-4]
4	pp2a-4
4	pp2a-3
4	pp2a-2
4	pp2a-1
4	postmitotic
4	post-germinative
4	post-germination
4	positioned
4	porphobilinogen
4	pombe}
4	polycomb-like
4	pollen-pistil
4	plsp1-1
4	ploidy
4	plethora
4	plastid-targeted
4	planar
4	pla2-alpha
4	pisum
4	pistillata
4	pirin
4	pinoresinol
4	ping-pong
4	pii-like
4	pickle
4	phytyl
4	phytochromes
4	phytochrome-interacting
4	phyllotaxy
4	phya-105
4	photoxidative
4	phototropin
4	photoperiodic
4	photooxidative
4	phosphosulphate
4	phosphorylmutase
4	phosphorous
4	phosphomannomutase
4	phosphoethanolamine
4	phosphoadenosine
4	phosphatidyl
4	phocein
4	pheophorbide
4	phenolic
4	phavoluta
4	phases
4	ph45a
4	peroxygenase
4	peroxidation
4	peripherally
4	perforin
4	peptidyl-lysine
4	peptidyl-arginine
4	pentacysteine1
4	paternal
4	patatin-related
4	pas-associated
4	partners
4	particular
4	parasitism
4	paraneoplastic
4	pamp-induced
4	palmitoyltransferase
4	palisade
4	p-coumaric
4	oxygen-evolving
4	oxidation-dependent
4	ovular
4	overexpressors
4	overexpressor
4	outside
4	osmosensor
4	osjnbb0041j06
4	oriented
4	organelle-type
4	optimum
4	opposite
4	onset
4	omega-3
4	oligosaccharyl
4	oligosaccharides
4	oleosin3
4	oilbody
4	occasionally
4	occasion
4	obf-binding
4	oas-tl
4	o-acetylation
4	nutrients
4	nucleobase-ascorbate
4	nucleator
4	nsp-interacting
4	npr1-1
4	norve
4	nonmature
4	non-root
4	non-photosynthetic
4	non-photochemical
4	non-detectable
4	non-cell
4	nomenclatures
4	nodule
4	nitrite
4	nim1-interacting
4	nicotinate
4	nicotinamidase
4	nadp-malic
4	nadp+-dependent
4	nad-malate
4	n-ethylmaleimide-sensitive
4	n-dimethylaniline
4	myc-like
4	mutsalpha
4	mutase-like
4	mustard
4	multimeric
4	multi-gene
4	mp-dependent
4	movements
4	motive
4	motif-type
4	motif-related
4	monosaccharides
4	monomeric
4	monomer-binding
4	monogalactosyldiacylglycerol
4	modifying
4	modify
4	moderately
4	mo25-like
4	mixture
4	mitovirus
4	mitoviral
4	mitomycin
4	mitochondria-nucleus
4	misregulation
4	methylsterol
4	methyl-cpnpn
4	methyl-cpnpg
4	metalloproteases
4	metacaspases
4	membrane-anchor
4	medium-chain
4	mediators
4	media
4	mechanisms
4	maybe
4	maturing
4	matrin
4	markedly
4	margins
4	mapkkk9
4	mapkkk8
4	mapkkk11
4	mapkkk10
4	map3kb5
4	map3kb4
4	map3kb3
4	map3kb1
4	mannose-6-phosphate
4	makes
4	macpf
4	m3b
4	m3a
4	m-type
4	m-domain
4	lysophosphatidyl
4	lysine-specific
4	lysine-rich
4	lyases
4	luminal
4	low-molecular
4	low-fluence
4	lipoic
4	lipocalin
4	lipases
4	ligase2
4	li-tolerant
4	leu-rich
4	letm1-like
4	lesser
4	leader
4	l35ae
4	l21e
4	l1e
4	l19e
4	l-tryptophan
4	l-malate
4	l-gulono-1
4	l-fucose
4	knock
4	kinase1
4	kanadi
4	k4-specific
4	k-
4	junctions
4	ja-ile
4	isozyme
4	isoleucine
4	isoflavone
4	isochorismatase-like
4	isoamylase
4	iso-leu
4	islands
4	irradiation
4	involute
4	invertases
4	introduces
4	intermediate-associated
4	interferon-induced
4	interfascicular
4	interactor-like
4	integrating
4	inserted
4	insensitivity
4	insects
4	inositol-tetrakisphosphate
4	inositol-polyphosphate
4	information
4	inferred
4	inductive
4	indole-3-acetonitrile
4	indole-3-acetamide
4	individually
4	indirect
4	impart
4	immunophilin
4	immediately
4	ii-d
4	hypusine
4	hyposensitive
4	hypomethylation
4	hydroxylated
4	hydroxycinnamoyl
4	hydroxy
4	humidity
4	horma
4	hordeum
4	homogalacturonan
4	homocitrate
4	hirsutum}
4	heterozygotes
4	heteroglycan
4	heterodimerize
4	heterochromatic
4	hemibiotrophic
4	hb-4
4	haemerythrin
4	h1e
4	h-quinone
4	guanosine-3'
4	greatest
4	gp|27818010|dbj|bac55773
4	gp|26224736|gb|aan76362
4	gp|21741715|emb|cad41338
4	gp|20219037|gb|aam15781
4	gp|20042974|gb|aam08782
4	glycyl-trna
4	glycotransferase
4	glycosyltransferases
4	glycosylphosphatidylinositol
4	glycosylceramide
4	glycosidases
4	glycine-trna
4	glycerolipid
4	glycerate
4	glutamyl
4	glutamine-rich
4	glucosylceramide
4	glucosylceramidase
4	glucokinase
4	glossy
4	glcnac
4	glabra
4	gene-mediated
4	gdpd-like
4	gdp-l-fucose
4	gdp-d-mannose
4	gb|aao73523
4	gating
4	gamma-glutamyltranspeptidase
4	gamma-glutamyltransferase
4	galactosidase
4	galactose-1-phosphate
4	furanose
4	fructosidase
4	fructose-1
4	frequently
4	fragments
4	fragile-x-f-associated
4	formyltransferase
4	former
4	forficula
4	force
4	folylpolyglutamate
4	flower-specific
4	fimbrin-like
4	fes1c
4	ferredoxin--nadp
4	feeding
4	feedback-regulated
4	fd-gogat
4	farnesoic
4	fantastic
4	factor17
4	extra-large
4	extended
4	exposed
4	exported
4	experimentally
4	experiements
4	exons
4	evening
4	etioplasts
4	ethylene-insensitive3-like
4	esculentum
4	erebp
4	epinastic
4	envelop
4	enrichment
4	enolpyruvate
4	enolase
4	enlargement
4	endotransglycosylase-related
4	endohydrolytic
4	encephalomyelitis
4	eif-2b
4	ear1-like
4	duplexes
4	duplex
4	dtdp-rhamnose
4	dsrna
4	dsrbd
4	dsptp1
4	dramatically
4	doubly
4	double-mutant
4	dosage-dependent
4	don-glucosyltransferase
4	dolichyl-phosphate
4	dolichyl-diphosphooligosaccharide-protein
4	dna-repair
4	divided
4	diverse
4	diurnal
4	distributed
4	dismutases
4	diphosphate-fructose-6-phosphate
4	dipeptide
4	dihydroxyacetone
4	dihydroneopterin
4	dihydrolipoyl
4	dihydrofolate
4	differentiating
4	differentiated
4	difference
4	dienelactone
4	dhfs-fpgs
4	description
4	descending
4	demonstrates
4	delta3
4	degrades
4	degeneration
4	defenses
4	decision
4	daughter
4	dark-upregulated
4	d1b
4	d1a
4	d-erythro-sphingosine
4	cytosines
4	cytokinin-independent
4	cytokinin-dependent
4	cytidyltransferase-related
4	cytidinediphosphate
4	cyp81f
4	cyp78a
4	cyclophilin71
4	cyclase-modulating
4	cyanobacterial
4	cullin4
4	cu2+
4	cryptococcus
4	crossover
4	cpnifs
4	cpn60alpha1
4	couples
4	correlation
4	copia-type
4	coordination
4	conventional
4	conflicting
4	compromised
4	composite
4	complemented
4	compensation
4	comparable
4	compact
4	color
4	collagen
4	cold-shock
4	cobw-like
4	coactivators
4	closest
4	cloning
4	cleaves
4	cleaved
4	clear
4	clavata
4	cisterna
4	cis-prenyltransferase
4	cis-aconitate
4	chlorotic
4	chlorate
4	charged
4	chaperonins
4	chalaza
4	chain-length
4	cesas
4	cell-type
4	cell-specific
4	cdpk-related
4	cdk-activating
4	cd2+
4	cations
4	catalase
4	castasterone
4	cas1p-like
4	cas1p
4	carries
4	carotenoids
4	carcinoma
4	carboxykinase
4	caprice
4	cap-binding
4	cancer
4	calvin
4	calmodulin-regulated
4	c2b
4	c2a
4	c-termini
4	c-repeat
4	c-palmitoyltransferase
4	c-cap
4	c-box
4	c-4
4	bushy
4	build
4	brf1-like
4	bract
4	boron
4	bonsai
4	bolting
4	bola-like
4	blotting
4	blocks
4	binucleate
4	beta2-adaptin
4	beta-hydroxyisobutyryl-coa
4	beta-glucosyltransferase
4	beta-expansins
4	beta-catenin-like
4	beta-casp
4	berteriana}
4	benthamiana
4	bending
4	beige-related
4	basic-helix-loop-helix
4	b2a
4	b-block
4	awpm-19-like
4	avrrps4
4	avrrpm1
4	auxotrophy
4	auxin-treated
4	auxin-dependent
4	auricularia
4	atvamp7c
4	attractant
4	attenuator
4	atspo11-1
4	atmlo6
4	atmlo3
4	atmlo2
4	atmlo12
4	atgrp7
4	atcpn60beta4
4	atcpn60beta3
4	atcpn60beta2
4	atcpn60beta1
4	atcpn60alpha2
4	atb'
4	asymmetry
4	assurance
4	assemble
4	aspartyl-trna
4	asparaginase
4	arrests
4	arrays
4	arranged
4	arginine-trna
4	arg1-like
4	arath
4	arakin
4	arabinoogalactan
4	arabinan
4	arabidopsidis
4	apyrase
4	apricot
4	apr-like
4	approx
4	aploid
4	apl1-4
4	anthocyanidin
4	anchoring
4	analogue
4	analogs
4	amplified
4	amphiphilic
4	ammonia-lyases
4	amidophosphoribosyltransferase
4	altering
4	alpha-n-arabinofuranosidase
4	alpha-adaptin
4	alpha-
4	allocation
4	allene-oxide
4	albeit
4	alanyl-trna
4	adenylylsulphate
4	adenosyltransferase
4	adenosylmethionine
4	acylaminoacyl-peptidase-related
4	acyl-enzyme
4	actinin-type
4	aconitate
4	acetylates
4	acaulis
4	abi3-5
4	abc-type
4	ab-hydrolase-associated
4	a5d
4	a4a
4	a2d
4	[rattus
4	[overall]
4	[nad+]
4	[iron
4	9e-70
4	9e-53
4	9e-45
4	9e-32
4	9e-28
4	9e-17
4	9e-15
4	9e-12
4	9e-07
4	9e-06
4	9c2
4	9b9
4	96%
4	91%
4	8e-50
4	8e-39
4	8e-07
4	8c
4	86%
4	82%
4	8'-hydroxylase
4	7e-81
4	7e-54
4	7e-22
4	7e-21
4	7e-20
4	7e-17
4	7e-12
4	77%
4	76%
4	74%
4	72b3
4	7-phosphate
4	7-17
4	6e-50
4	6e-34
4	6e-32
4	67%
4	65-2
4	65%
4	64-v
4	64-iii
4	63%
4	6-bisphosphate
4	5e-98
4	5e-83
4	5e-45
4	5e-31
4	5e-23
4	5e-06
4	56-kinase
4	523-528
4	51-mer
4	5-oh-ferulic
4	5-dehydrogenase
4	5'-nucleotidase
4	5'-bis
4	5'-adenosyl
4	5%
4	4e-39
4	4e-31
4	4e-28
4	4e-26
4	4e-18
4	4e-13
4	4e-12
4	4a-iii
4	475-485
4	45a
4	4-methylthiopropyl
4	4-d
4	3h1
4	3e-49
4	3e-35
4	3e-28
4	3e-25
4	3e-23
4	3e-16
4	3e-12
4	3beta-hydroxysteroid-dehydrogenase
4	31b
4	3-phosphoinositide-dependent
4	3-phosphatidyltransferase
4	3-oxidase
4	3-n-acetylglucosaminyltransferase
4	3-kinase
4	3-ketoacyl-acyl
4	3-hydroxyisobutyryl-coa
4	3-deoxy-d-arabino-heptulosonate
4	3-bisphosphoglycerate-independent
4	3-2
4	3'-trna
4	3'-diphosphatase
4	3&#8242
4	2|ac104428
4	2f
4	2e-56
4	2e-37
4	2e-28
4	2e-27
4	2e-25
4	2e-13
4	2e-12
4	2e-07
4	2b4
4	25a-associated
4	247-408
4	24"
4	21-nucleotide
4	20-2
4	20"
4	2-methylpropanoyl-transferring
4	2-methylisocitrate
4	2-cysteine
4	2-a6
4	2-a12
4	2-4
4	1||ay158152
4	1||ap005176
4	1||al662946
4	1|ac016780
4	1e-76
4	1e-71
4	1e-59
4	1e-46
4	1e-29
4	1e-28
4	1e-20
4	1e-19
4	1e-16
4	1e-12
4	1e-114
4	1e-11
4	1e-09
4	1e-07
4	19-2
4	19-1
4	15kda
4	15b
4	15"
4	14"
4	13s-lipoxygenase
4	13-zinc
4	13"
4	12|ac016780
4	12s
4	12"
4	11b
4	10a8
4	10"
4	1-pyrroline-5-carboxylate
4	1-phosphotransferase
4	1-phosphatidylinositol-3-phosphate
4	1-kinase
4	1-glucosyltransferase
4	1-deoxy-d-xylulose
4	1-
4	0e-62
4	0e-43
4	0e-42
4	0e-35
4	0e-31
4	0e-29
4	0e-24
4	0e-22
4	0e-09
4	0e-08
4	-translocating
4	-terminal
4	-requiring]
4	-induced
4	&beta
